platform	source	reason
fc	'89 Dennou Kyuusei Uranai (Japan).zip	unmatched ROM
fc	10-Yard Fight (Japan) (En).zip	unmatched ROM
fc	100 Man Dollar Kid - Maboroshi no Teiou Hen (Japan).zip	unmatched ROM
fc	1943 - The Battle of Valhalla (Japan).zip	unmatched ROM
fc	1999 - Hore, Mitakotoka! Seikimatsu (Japan).zip	unmatched ROM
fc	2010 - Street Fighter (Japan).zip	unmatched ROM
fc	4 Nin Uchi Mahjong (Japan).zip	unmatched ROM
fc	8 Eyes (Japan).zip	unmatched ROM
fc	ASO - Armored Scrum Object (Japan).zip	unmatched ROM
fc	Aa Yakyuu Jinsei Icchokusen (Japan).zip	unmatched ROM
fc	Abadox (Japan) (En).zip	unmatched ROM
fc	Aces - Iron Eagle III (Japan).zip	unmatched ROM
fc	Advanced Dungeons & Dragons - Hillsfar (Japan).zip	unmatched ROM
fc	Advanced Dungeons & Dragons - Pool of Radiance (Japan).zip	unmatched ROM
fc	Adventures of Lolo (Japan) (En).zip	unmatched ROM
fc	Adventures of Lolo II (Japan).zip	unmatched ROM
fc	After Burner (Japan) (En).zip	unmatched ROM
fc	Aigina no Yogen - Balubalouk no Densetsu Yori (Japan).zip	unmatched ROM
fc	Air Fortress (Japan).zip	unmatched ROM
fc	Airwolf (Japan) (Kyugo).zip	unmatched ROM
fc	Akira (Japan).zip	unmatched ROM
fc	Akumajou Densetsu (Japan).zip	unmatched ROM
fc	Akumajou Special - Boku Dracula-kun (Japan).zip	unmatched ROM
fc	Alien Syndrome (Japan).zip	unmatched ROM
fc	American Dream (Japan).zip	unmatched ROM
fc	Ankoku Shinwa - Yamato Takeru Densetsu (Japan).zip	unmatched ROM
fc	Arabian Dream Scheherazade (Japan).zip	unmatched ROM
fc	Arctic (Japan) (En).zip	unmatched ROM
fc	Argos no Senshi (Japan) (FamicomBox).zip	unmatched ROM
fc	Argos no Senshi - Hachamecha Daishingeki (Japan).zip	unmatched ROM
fc	Arkanoid (Japan) (En).zip	unmatched ROM
fc	Arkanoid II (Japan) (En).zip	unmatched ROM
fc	Armadillo (Japan).zip	unmatched ROM
fc	Artelius (Japan).zip	unmatched ROM
fc	Asmik-kun Land (Japan).zip	unmatched ROM
fc	Astro Robo Sasa (Japan) (En).zip	unmatched ROM
fc	Athena (Japan).zip	unmatched ROM
fc	Attack Animal Gakuen (Japan) (En) (Famicom 3D System).zip	unmatched ROM
fc	B-Wings (Japan) (En).zip	unmatched ROM
fc	Baken Hisshou Gaku - Gate In (Japan).zip	unmatched ROM
fc	Bakushou!! Ai no Gekijou (Japan).zip	unmatched ROM
fc	Bakushou!! Jinsei Gekijou 2 (Japan).zip	unmatched ROM
fc	Ballblazer (Japan) (En).zip	unmatched ROM
fc	Balloon Fight (Japan).zip	unmatched ROM
fc	Banana (Japan).zip	unmatched ROM
fc	Bard's Tale, The (Japan).zip	unmatched ROM
fc	Baseball (Japan).zip	unmatched ROM
fc	Baseball Fighter (Japan).zip	unmatched ROM
fc	Baseball Star - Mezase Sankanou!! (Japan).zip	unmatched ROM
fc	Batman (Japan) (En).zip	unmatched ROM
fc	Batsu & Terry - Makyou no Tetsujin Race (Japan) (En).zip	unmatched ROM
fc	Battle Baseball (Japan).zip	unmatched ROM
fc	Battle Fleet (Japan).zip	unmatched ROM
fc	Battle Formula (Japan) (En).zip	unmatched ROM
fc	Battle Rush - Build Up Robot Tournament (Japan) (Datach).zip	unmatched ROM
fc	Battle Storm (Japan).zip	unmatched ROM
fc	BattleCity (Japan) (En).zip	unmatched ROM
fc	Best Play Pro Yakyuu '90 (Japan).zip	unmatched ROM
fc	Best Play Pro Yakyuu (Japan) (Rev 1).zip	unmatched ROM
fc	Bikkuri Nekketsu Shin Kiroku! - Harukanaru Kin Medal (Japan).zip	unmatched ROM
fc	Bio Miracle Bokutte Upa (Japan) (En).zip	unmatched ROM
fc	Bird Week (Japan) (En).zip	unmatched ROM
fc	Blodia Land - Puzzle Quest (Japan) (En).zip	unmatched ROM
fc	Bokosuka Wars (Japan) (En).zip	unmatched ROM
fc	Bomberman (Japan) (En).zip	unmatched ROM
fc	Bomberman II (Japan) (En).zip	unmatched ROM
fc	Booby Kids (Japan) (En).zip	unmatched ROM
fc	Buggy Popper (Japan) (En).zip	unmatched ROM
fc	Cadillac (Japan).zip	unmatched ROM
fc	Capcom Barcelona '92 (Japan).zip	unmatched ROM
fc	Captain Saver (Japan).zip	unmatched ROM
fc	Captain Tsubasa (Japan).zip	unmatched ROM
fc	Captain Tsubasa II - Super Striker (Japan).zip	unmatched ROM
fc	Casino Derby (Japan).zip	unmatched ROM
fc	Castle Excellent (Japan) (En).zip	unmatched ROM
fc	Cat Ninden Teyandee (Japan).zip	unmatched ROM
fc	Chack'n Pop (Japan) (En).zip	unmatched ROM
fc	Challenger (Japan) (En).zip	unmatched ROM
fc	Championship Bowling (Japan) (En).zip	unmatched ROM
fc	Championship Lode Runner (Japan) (En).zip	unmatched ROM
fc	Chester Field - Ankoku Shin e no Chousen (Japan).zip	unmatched ROM
fc	Chip to Dale no Daisakusen (Japan).zip	unmatched ROM
fc	Chitei Senkuu Vazolder (Japan).zip	unmatched ROM
fc	Chou Fuyuu Yousai - Exed Exes (Japan) (En).zip	unmatched ROM
fc	Chou Hen (Japan) (Joy Van).zip	unmatched ROM
fc	Choujin Sentai - Jetman (Japan) (En).zip	unmatched ROM
fc	Choujinrou Senki - Warwolf (Japan).zip	unmatched ROM
fc	Chuugoku Janshi Story - Tonfuu (Japan).zip	unmatched ROM
fc	City Adventure Touch - Mystery of Triangle (Japan).zip	unmatched ROM
fc	Clu Clu Land (Japan).zip	unmatched ROM
fc	Cobra Command (Japan).zip	unmatched ROM
fc	Columbus - Ougon no Yoake (Japan).zip	unmatched ROM
fc	Contra (Japan).zip	unmatched ROM
fc	Cosmic Wars (Japan).zip	unmatched ROM
fc	Cosmo Genesis (Japan).zip	unmatched ROM
fc	Crayon Shin-chan - Ora to Poi Poi (Japan) (Datach).zip	unmatched ROM
fc	Crazy Climber (Japan) (En).zip	unmatched ROM
fc	CrossFire (Japan) (En).zip	unmatched ROM
fc	Daiva - Imperial of Nirsartia (Japan).zip	unmatched ROM
fc	De-Block (Japan).zip	unmatched ROM
fc	Deep Dungeon III - Yuushi e no Tabi (Japan).zip	unmatched ROM
fc	Deep Dungeon IV - Kuro no Youjutsushi (Japan).zip	unmatched ROM
fc	Devil World (Japan) (Rev 1).zip	unmatched ROM
fc	Dig Dug (Japan) (En).zip	unmatched ROM
fc	Digital Devil Monogatari - Megami Tensei (Japan).zip	unmatched ROM
fc	Digital Devil Story - Megami Tensei (Japan) (Rev 1).zip	unmatched ROM
fc	Digital Devil Story - Megami Tensei II (Japan) (Rev 1).zip	unmatched ROM
fc	Don Doko Don (Japan).zip	unmatched ROM
fc	Donald Land (Japan) (En).zip	unmatched ROM
fc	Donkey Kong (World) (Rev 1).zip	unmatched ROM
fc	Donkey Kong 3 (Japan).zip	unmatched ROM
fc	Donkey Kong Jr. (World) (Rev 1).zip	unmatched ROM
fc	Donkey Kong Jr. no Sansuu Asobi (Japan) (En).zip	unmatched ROM
fc	Door Door (Japan) (En).zip	unmatched ROM
fc	Doraemon - Giga Zombie no Gyakushuu (Japan).zip	unmatched ROM
fc	Dough Boy (Japan) (En).zip	unmatched ROM
fc	Downtown Special - Kunio-kun no Jidaigeki Da yo Zenin Shuugou! (Japan).zip	unmatched ROM
fc	Dragon Ball 3 - Gokuu Den (Japan) (Rev 1).zip	unmatched ROM
fc	Dragon Ball Z - Gekitou Tenkaichi Budoukai (Japan) (Datach).zip	unmatched ROM
fc	Dragon Ball Z II - Gekishin Freeza!! (Japan) (Rev 1).zip	unmatched ROM
fc	Dragon Buster II - Yami no Fuuin (Japan) (En).zip	unmatched ROM
fc	Dragon Quest II - Akuryou no Kamigami (Japan).zip	unmatched ROM
fc	Dragon Quest III - Soshite Densetsu e... (Japan).zip	unmatched ROM
fc	Dragon Scroll - Yomigaerishi Maryuu (Japan).zip	unmatched ROM
fc	Dragon Slayer IV - Drasle Family (Japan).zip	unmatched ROM
fc	Druaga no Tou (Japan).zip	unmatched ROM
fc	Duck Hunt (World).zip	unmatched ROM
fc	DuckTales 2 (Japan).zip	unmatched ROM
fc	Dynamite Batman (Japan) (En).zip	unmatched ROM
fc	Dynamite Bowl (Japan) (En).zip	unmatched ROM
fc	Eggerland - Meikyuu no Fukkatsu (Japan).zip	unmatched ROM
fc	Egypt (Japan).zip	unmatched ROM
fc	Erika to Satoru no Yume Bouken (Japan).zip	unmatched ROM
fc	Erunaaku no Zaihou (Japan).zip	unmatched ROM
fc	Esper Bouken Tai (Japan).zip	unmatched ROM
fc	Exciting Boxing (Japan) (En).zip	unmatched ROM
fc	Exciting Rally - World Rally Championship (Japan).zip	unmatched ROM
fc	Exerion (Japan) (En).zip	unmatched ROM
fc	Famicom Doubutsu Seitai Zukan! - Katte ni Shirokuma - Mori o Sukue no Maki! (Japan).zip	unmatched ROM
fc	Famicom Jump - Eiyuu Retsuden (Japan).zip	unmatched ROM
fc	Famicom Meijin Sen (Japan) (Rev 1).zip	unmatched ROM
fc	Family BASIC (Japan) (v3.0).zip	unmatched ROM
fc	Family Computer - Othello (Japan).zip	unmatched ROM
fc	Family Pinball (Japan).zip	unmatched ROM
fc	Family Quiz (Japan).zip	unmatched ROM
fc	Family Trainer 1 - Athletic World (Japan) (Rev 1).zip	unmatched ROM
fc	Family Trainer 10 - Rairai Kyonsees (Japan).zip	unmatched ROM
fc	Family Trainer 2 - Running Stadium (Japan).zip	unmatched ROM
fc	Family Trainer 3 - Aerobics Studio (Japan).zip	unmatched ROM
fc	Family Trainer 4 - Jogging Race (Japan).zip	unmatched ROM
fc	Family Trainer 5 - Meiro Daisakusen (Japan).zip	unmatched ROM
fc	Family Trainer 6 - Manhattan Police (Japan) (En).zip	unmatched ROM
fc	Family Trainer 7 - Daiundoukai (Japan).zip	unmatched ROM
fc	Family Trainer 8 - Totsugeki! Fuuun Takeshi-jou (Japan).zip	unmatched ROM
fc	Family Trainer 9 - Fuuun Takeshi-jou 2 (Japan).zip	unmatched ROM
fc	Famista '89 - Kaimaku Ban!! (Japan).zip	unmatched ROM
fc	Fantasy Zone (Japan) (En) (Sunsoft).zip	unmatched ROM
fc	Ferrari (Japan).zip	unmatched ROM
fc	Field Combat (Japan) (En).zip	unmatched ROM
fc	Final Fantasy (Japan) (Rev 1).zip	unmatched ROM
fc	Final Fantasy III (Japan).zip	unmatched ROM
fc	Fire Emblem - Ankoku Ryuu to Hikari no Tsurugi (Japan).zip	unmatched ROM
fc	Flappy (Japan) (En).zip	unmatched ROM
fc	Flipull - An Exciting Cube Game (Japan) (En).zip	unmatched ROM
fc	Formation Z (Japan) (En) (Rev 1).zip	unmatched ROM
fc	Galaxian (Japan) (En) (Rev 1).zip	unmatched ROM
fc	Ganbare Goemon! - Karakuri Douchuu (Japan).zip	unmatched ROM
fc	Garfield no Isshukan (Japan) (En).zip	unmatched ROM
fc	Geimos (Japan) (En).zip	unmatched ROM
fc	Gekitotsu Yonku Battle (Japan) (En).zip	unmatched ROM
fc	Gekitou Stadium!! (Japan).zip	unmatched ROM
fc	Godzilla (Japan).zip	unmatched ROM
fc	Golf (Japan).zip	unmatched ROM
fc	Golgo 13 - Dai 1 Shou - Kamigami no Tasogare (Japan).zip	unmatched ROM
fc	Golgo 13 - Dainishou - Icarus no Nazo (Japan).zip	unmatched ROM
fc	Gomoku Narabe Renju (Japan).zip	unmatched ROM
fc	Goonies (Japan) (En).zip	unmatched ROM
fc	Gorby no Pipeline Daisakusen (Japan) (En).zip	unmatched ROM
fc	Grand Master (Japan).zip	unmatched ROM
fc	Great Battle Cyber (Japan).zip	unmatched ROM
fc	Great Tank (Japan).zip	unmatched ROM
fc	Gun Nac (Japan).zip	unmatched ROM
fc	Gun-Dec (Japan).zip	unmatched ROM
fc	Gunhed - Aratanaru Tatakai (Japan).zip	unmatched ROM
fc	Gyrodine (Japan) (En).zip	unmatched ROM
fc	Hana no Star Kaidou (Japan) (En).zip	unmatched ROM
fc	Hanjuku Hero (Japan).zip	unmatched ROM
fc	Heavy Barrel (Japan) (En).zip	unmatched ROM
fc	Hebereke (Japan).zip	unmatched ROM
fc	Hector '87 (Japan) (En).zip	unmatched ROM
fc	Heisei Tensai Bakabon (Japan).zip	unmatched ROM
fc	Hello Kitty World (Japan).zip	unmatched ROM
fc	Hello Kitty no Ohanabatake (Japan).zip	unmatched ROM
fc	Heracles no Eikou II - Titan no Metsubou (Japan).zip	unmatched ROM
fc	Herakles no Eikou - Toujin Makyou Den (Japan).zip	unmatched ROM
fc	Hi no Tori - Houou Hen - Gaou no Bouken (Japan).zip	unmatched ROM
fc	Higemaru - Makai-jima - Nanatsu no Shima Daibouken (Japan) (Retro-Bit Generations).zip	unmatched ROM
fc	Highway Star (Japan) (En) (Famicom 3D System).zip	unmatched ROM
fc	Hikari no Senshi Foton - The Ultimate Game on Planet Earth (Japan).zip	unmatched ROM
fc	Hiryuu no Ken - Ougi no Sho (Japan).zip	unmatched ROM
fc	Hiryuu no Ken III - 5 Nin no Dragon (Japan).zip	unmatched ROM
fc	Hogan's Alley (World).zip	unmatched ROM
fc	Hokkaidou Rensa Satsujin - Okhotsk ni Kiyu (Japan).zip	unmatched ROM
fc	Hokuto no Ken 2 (Japan).zip	unmatched ROM
fc	Hokuto no Ken 3 - Shin Seiki Souzou Seiken Retsuden (Japan).zip	unmatched ROM
fc	Hokuto no Ken 4 - Shichisei Haken Den - Hokuto Shinken no Kanata e (Japan).zip	unmatched ROM
fc	Holy Diver (Japan) (En).zip	unmatched ROM
fc	Honoo no Toukyuuji - Dodge Danpei (Japan).zip	unmatched ROM
fc	Honoo no Toukyuuji - Dodge Danpei 2 (Japan).zip	unmatched ROM
fc	Hoshi o Miru Hito (Japan).zip	unmatched ROM
fc	Hottarman no Chitei Tanken (Japan).zip	unmatched ROM
fc	Hudson Hawk (Japan).zip	unmatched ROM
fc	Hyakkiyagyou (Japan).zip	unmatched ROM
fc	Hyokkori Hyoutan-jima - Nazo no Kaizokusen (Japan).zip	unmatched ROM
fc	Hyper Olympic (Japan) (En).zip	unmatched ROM
fc	Igo - Kyuu Roban Taikyoku (Japan).zip	unmatched ROM
fc	Igo Shinan '91 (Japan).zip	unmatched ROM
fc	Igo Shinan '92 (Japan).zip	unmatched ROM
fc	Igo Shinan '93 (Japan).zip	unmatched ROM
fc	Igo Shinan '94 (Japan).zip	unmatched ROM
fc	Igo Shinan (Japan).zip	unmatched ROM
fc	Ikari (Japan) (En).zip	unmatched ROM
fc	Ikari II - Dogosoken (Japan).zip	unmatched ROM
fc	Ike Ike! Nekketsu Hockey-bu - Subette Koronde Dairantou (Japan).zip	unmatched ROM
fc	Ikinari Musician (Japan) (En).zip	unmatched ROM
fc	Ikki (Japan) (En).zip	unmatched ROM
fc	Insector X (Japan).zip	unmatched ROM
fc	Itadaki Street - Watashi no Omise ni Yottette (Japan).zip	unmatched ROM
fc	J.League Super Top Players (Japan) (Datach).zip	unmatched ROM
fc	JJ - Tobidase Daisakusen Part 2 (Japan).zip	unmatched ROM
fc	Jajamaru no Daibouken (Japan).zip	unmatched ROM
fc	Jumpin' Kid - Jack to Mame no Ki Monogatari (Japan) (En).zip	unmatched ROM
fc	Juuouki (Japan) (En).zip	unmatched ROM
fc	Juuryoku Soukou Metal Storm (Japan).zip	unmatched ROM
fc	Juvei Quest (Japan) (Rev 1).zip	unmatched ROM
fc	Kage (Japan).zip	unmatched ROM
fc	Kaiketsu Yanchamaru 3 - Taiketsu! Zouringen (Japan).zip	unmatched ROM
fc	Kakefu-kun no Jump Tengoku - Speed Jigoku (Japan).zip	unmatched ROM
fc	Kame no Ongaeshi - Urashima Densetsu (Japan).zip	unmatched ROM
fc	Kamen Rider SD - Granshocker no Yabou (Japan).zip	unmatched ROM
fc	Karakuri Kengou Den Musashi Lord - Karakuribito Hashiru (Japan).zip	unmatched ROM
fc	Karaoke Studio Senyou Cassette - Top Hit 20 Vol. 1 (Japan).zip	unmatched ROM
fc	Karaoke Studio Senyou Cassette - Top Hit 20 Vol. 2 (Japan).zip	unmatched ROM
fc	Karateka (Japan) (En).zip	unmatched ROM
fc	Kawa no Nushi Tsuri (Japan).zip	unmatched ROM
fc	Kekkyoku Nankyoku Daibouken (Japan).zip	unmatched ROM
fc	Kero Kero Keroppi no Daibouken 2 - Donuts Ike wa Oosawagi!! (Japan).zip	unmatched ROM
fc	Keroppi to Keroriinu no Splash Bomb! (Japan).zip	unmatched ROM
fc	Ki no Bouken - The Quest of Ki (Japan).zip	unmatched ROM
fc	Kidou Senshi Z Gundam - Hot Scramble (Japan).zip	unmatched ROM
fc	King Kong 2 - Ikari no Megaton Punch (Japan).zip	unmatched ROM
fc	Kinnikuman - Muscle Tag Match (Japan) (Rev 1).zip	unmatched ROM
fc	Konami Wai Wai World (Japan).zip	unmatched ROM
fc	Kujaku Ou (Japan).zip	unmatched ROM
fc	Kujaku Ou II (Japan).zip	unmatched ROM
fc	Kung Fu (Japan, USA) (En).zip	unmatched ROM
fc	Kyonshiizu 2 (Japan).zip	unmatched ROM
fc	Kyoto Hana no Misshitsu Satsujin Jiken (Japan).zip	unmatched ROM
fc	Kyoto Ryuu no Tera Satsujin Jiken (Japan).zip	unmatched ROM
fc	Kyouryuu Sentai Zyuranger (Japan).zip	unmatched ROM
fc	Kyuukyoku Harikiri Stadium - '88 Senshu Shin Data Version (Japan).zip	unmatched ROM
fc	Kyuukyoku Harikiri Stadium - Heisei Gannen Han (Japan).zip	unmatched ROM
fc	Kyuukyoku Harikiri Stadium 3 (Japan).zip	unmatched ROM
fc	Kyuukyoku Tiger (Japan).zip	unmatched ROM
fc	Labyrinth (Japan).zip	unmatched ROM
fc	Lagrange Point (Japan).zip	unmatched ROM
fc	Lasalle Ishii no Child's Quest (Japan).zip	unmatched ROM
fc	Layla (Japan).zip	unmatched ROM
fc	Lipple Island (Japan).zip	unmatched ROM
fc	Lode Runner (Japan).zip	unmatched ROM
fc	Lost Word of Jenny - Ushinawareta Message (Japan).zip	unmatched ROM
fc	Lunar Ball (Japan).zip	unmatched ROM
fc	Lupin Sansei - Pandora no Isan (Japan).zip	unmatched ROM
fc	Mach Rider (Japan, USA) (En).zip	unmatched ROM
fc	Madoola no Tsubasa (Japan).zip	unmatched ROM
fc	Magical Kid's Doropie (Japan).zip	unmatched ROM
fc	Magical Taruruuto-kun - Fantastic World!! (Japan) (Rev 1).zip	unmatched ROM
fc	Magmax (Japan).zip	unmatched ROM
fc	Maharaja (Japan).zip	unmatched ROM
fc	Mahjong (Japan) (Rev B).zip	unmatched ROM
fc	Mahjong RPG Dora Dora Dora (Japan).zip	unmatched ROM
fc	Maison Ikkoku (Japan).zip	unmatched ROM
fc	Majaventure - Mahjong Senki (Japan).zip	unmatched ROM
fc	Majou Densetsu 2 - Daimashikyou Galious (Japan).zip	unmatched ROM
fc	Mappy (Japan) (En).zip	unmatched ROM
fc	Mappy-Land (Japan).zip	unmatched ROM
fc	Mario Bros. (Japan).zip	unmatched ROM
fc	Mashin Eiyuuden Wataru Gaiden (Japan).zip	unmatched ROM
fc	Masuzoe Youichi - Asa Made Famicom (Japan).zip	unmatched ROM
fc	Matsumoto Tooru no Kabushiki Hisshou Gaku (Japan).zip	unmatched ROM
fc	Matsumoto Tooru no Kabushiki Hisshou Gaku - Part II (Japan).zip	unmatched ROM
fc	Meikyuu Kumikyoku (Japan).zip	unmatched ROM
fc	Meikyuu-jima (Japan).zip	unmatched ROM
fc	Metro-Cross (Japan).zip	unmatched ROM
fc	Mickey Mouse (Japan).zip	unmatched ROM
fc	Mickey Mouse III - Yume Fuusen (Japan).zip	unmatched ROM
fc	Minelvaton Saga - Ragon no Fukkatsu (Japan).zip	unmatched ROM
fc	Mini-Putt (Japan).zip	unmatched ROM
fc	Miracle Ropit's - 2100 Nen no Daibouken (Japan).zip	unmatched ROM
fc	Mississippi Satsujin Jiken (Japan) (Rev 1).zip	unmatched ROM
fc	Mito Koumon - Sekai Manyuu Ki (Japan).zip	unmatched ROM
fc	Moai-kun (Japan).zip	unmatched ROM
fc	Moero TwinBee - Cinnamon Hakase o Sukue! (Japan).zip	unmatched ROM
fc	Moero!! Juudou Warriors (Japan).zip	unmatched ROM
fc	Momotarou Densetsu (Japan).zip	unmatched ROM
fc	Momotarou Dentetsu (Japan).zip	unmatched ROM
fc	Money Game II, The - Kabutochou no Kiseki (Japan).zip	unmatched ROM
fc	Mottomo Abunai Deka (Japan).zip	unmatched ROM
fc	Moulin Rouge Senki - Melville no Honoo (Japan).zip	unmatched ROM
fc	Mugen Senshi Valis (Japan).zip	unmatched ROM
fc	Murder Club - Honkaku Mystery Adventure (Japan).zip	unmatched ROM
fc	Musashi no Ken - Tadaima Shugyou Chuu (Japan).zip	unmatched ROM
fc	Nagagutsu wo Haita Neko - Sekai Isshuu 80 Nichi Daibouken (Japan).zip	unmatched ROM
fc	Namco Classic II (Japan).zip	unmatched ROM
fc	Nangoku Shirei!! - Spy vs Spy (Japan).zip	unmatched ROM
fc	Navy Blue (Japan).zip	unmatched ROM
fc	Nekketsu Kakutou Densetsu (Japan).zip	unmatched ROM
fc	Nekketsu Kouha Kunio-kun (Japan).zip	unmatched ROM
fc	Nekketsu! Street Basket - Ganbare Dunk Heroes (Japan).zip	unmatched ROM
fc	Ninja Crusaders - Ryuuga (Japan).zip	unmatched ROM
fc	Ninja Hattori-kun - Ninja wa Syugyou de Gozaru no Maki (Japan).zip	unmatched ROM
fc	Ninja Ryuuken Den (Japan).zip	unmatched ROM
fc	Ninja Ryuuken Den II - Ankoku no Jashin Ken (Japan).zip	unmatched ROM
fc	Ninja Ryuuken Den III - Yomi no Hakobune (Japan).zip	unmatched ROM
fc	Ninja-kun - Ashura no Shou (Japan).zip	unmatched ROM
fc	Ninja-kun - Majou no Bouken (Japan) (Rev 1).zip	unmatched ROM
fc	Nobunaga no Yabou - Zenkoku Han (Japan).zip	unmatched ROM
fc	Nuts & Milk (Japan) (En).zip	unmatched ROM
fc	Oishinbo - Kyuukyoku no Menu Sanbon Shoubu (Japan).zip	unmatched ROM
fc	Onyanko Town (Japan).zip	unmatched ROM
fc	Osomatsu-kun - Back to the Me no Deppa no Maki (Japan).zip	unmatched ROM
fc	Outlanders (Japan).zip	unmatched ROM
fc	Over Horizon (Japan) (En).zip	unmatched ROM
fc	Pac-Land (Japan).zip	unmatched ROM
fc	Pac-Man (Japan).zip	unmatched ROM
fc	Pachicom (Japan).zip	unmatched ROM
fc	Pajama Hero - Nemo (Japan).zip	unmatched ROM
fc	Palamedes (Japan).zip	unmatched ROM
fc	Palamedes II - Star Twinkle, Hoshi no Mabataki (Japan).zip	unmatched ROM
fc	Parallel World (Japan).zip	unmatched ROM
fc	Penguin-kun Wars (Japan).zip	unmatched ROM
fc	Perfect Bowling (Japan).zip	unmatched ROM
fc	Perman (Japan).zip	unmatched ROM
fc	Perman Part 2 - Himitsu Kessha Madoodan o Taose! (Japan).zip	unmatched ROM
fc	Plasma Ball (Japan).zip	unmatched ROM
fc	Pocket Zaurus - Juu Ouken no Nazo (Japan).zip	unmatched ROM
fc	Popeye (Japan).zip	unmatched ROM
fc	Power Soccer (Japan).zip	unmatched ROM
fc	Puzznic (Japan).zip	unmatched ROM
fc	Pyokotan no Daimeiro (Japan).zip	unmatched ROM
fc	Quarth (Japan) (En).zip	unmatched ROM
fc	Raid on Bungeling Bay (Japan) (En) (Rev 1).zip	unmatched ROM
fc	Red Arremer II (Japan).zip	unmatched ROM
fc	Rockman (Japan) (En).zip	unmatched ROM
fc	Rockman 6 - Shijou Saidai no Tatakai!! (Japan).zip	unmatched ROM
fc	Rough World (Japan).zip	unmatched ROM
fc	Route-16 Turbo (Japan).zip	unmatched ROM
fc	SD Gundam - Gundam Wars (Japan) (Datach).zip	unmatched ROM
fc	SD Gundam Gaiden - Knight Gundam Monogatari 2 - Hikari no Knight (Japan).zip	unmatched ROM
fc	SD Hero Soukessen - Taose! Aku no Gundan (Japan).zip	unmatched ROM
fc	SD Keiji - Blader (Japan).zip	unmatched ROM
fc	Saiyuuki World 2 - Tenjoukai no Majin (Japan).zip	unmatched ROM
fc	Salad no Kuni no Tomato Hime (Japan).zip	unmatched ROM
fc	Salamander (Japan).zip	unmatched ROM
fc	Samsara Naga (Japan).zip	unmatched ROM
fc	Sangokushi II - Haou no Tairiku (Japan).zip	unmatched ROM
fc	Sanrio Carnival (Japan).zip	unmatched ROM
fc	Sanrio Carnival 2 (Japan).zip	unmatched ROM
fc	Sanrio Cup - Pon Pon Volley (Japan).zip	unmatched ROM
fc	Sansuu 3 Nen - Keisan Game (Japan).zip	unmatched ROM
fc	Satomi Hakkenden (Japan).zip	unmatched ROM
fc	Satsui no Kaisou - Soft House Renzoku Satsujin Jiken (Japan).zip	unmatched ROM
fc	Seikima II - Akuma no Gyakushuu! (Japan).zip	unmatched ROM
fc	Shanghai II (Japan).zip	unmatched ROM
fc	Shikinjou (Japan).zip	unmatched ROM
fc	Shin Jinrui - The New Type (Japan).zip	unmatched ROM
fc	Shinsenden (Japan).zip	unmatched ROM
fc	Shogun (Japan).zip	unmatched ROM
fc	Shounen Ashibe - Nepal Daibouken no Maki (Japan).zip	unmatched ROM
fc	Shuffle Fight (Japan).zip	unmatched ROM
fc	Silva Saga (Japan).zip	unmatched ROM
fc	Sky Destroyer (Japan).zip	unmatched ROM
fc	Sky Kid (Japan) (En).zip	unmatched ROM
fc	Soccer (Japan, USA) (En).zip	unmatched ROM
fc	Son Son (Japan) (En).zip	unmatched ROM
fc	Soreike! Anpanman - Minna de Hiking Game! (Japan).zip	unmatched ROM
fc	Space Harrier (Japan).zip	unmatched ROM
fc	Space Hunter (Japan).zip	unmatched ROM
fc	Spartan X (Japan) (En).zip	unmatched ROM
fc	Spelunker 2 - Yuusha heno Chousen (Japan).zip	unmatched ROM
fc	Splatterhouse - Wanpaku Graffiti (Japan).zip	unmatched ROM
fc	Star Force (Japan).zip	unmatched ROM
fc	Star Luster (Japan).zip	unmatched ROM
fc	Star Wars - The Empire Strikes Back (Japan).zip	unmatched ROM
fc	Stick Hunter - Exciting Ice Hockey (Japan).zip	unmatched ROM
fc	Sukeban Deka 3 (Japan).zip	unmatched ROM
fc	Summer Carnival '92 - Recca (Japan) (En).zip	unmatched ROM
fc	Super Arabian (Japan) (En).zip	unmatched ROM
fc	Super Chinese (Japan).zip	unmatched ROM
fc	Super Dyna'mix Badminton (Japan).zip	unmatched ROM
fc	Super Mario Bros. (Japan).zip	unmatched ROM
fc	Super Mogura Tataki!! - Pokkun Moguraa (Japan).zip	unmatched ROM
fc	Super Pitfall (Japan).zip	unmatched ROM
fc	TM Network - Live in Power Bowl (Japan).zip	unmatched ROM
fc	Tag Team Pro-Wrestling (Japan).zip	unmatched ROM
fc	Taito Chase H.Q. (Japan).zip	unmatched ROM
fc	Taiyou no Shinden (Japan).zip	unmatched ROM
fc	Taiyou no Yuusha - Fighbird (Japan).zip	unmatched ROM
fc	Taiyou no Yuusha Firebird (Japan).zip	unmatched ROM
fc	Takahashi Meijin no Bouken-jima IV (Japan).zip	unmatched ROM
fc	Tanigawa Kouji no Shougi Shinan II (Japan).zip	unmatched ROM
fc	Tanigawa Kouji no Shougi Shinan III (Japan).zip	unmatched ROM
fc	Tantei Jinguuji Saburou - Toki no Sugiyuku Mama ni (Japan).zip	unmatched ROM
fc	Tao (Japan).zip	unmatched ROM
fc	Tashiro Masashi no Princess ga Ippai (Japan).zip	unmatched ROM
fc	Tatakae! Chou Robot Seimeitai Transformers - Convoy no Nazo (Japan).zip	unmatched ROM
fc	Tatakae!! Rahmen Man - Sakuretsu Choujin 102 Gei (Japan).zip	unmatched ROM
fc	Tatakai no Banka (Japan).zip	unmatched ROM
fc	Tenchi o Kurau (Japan).zip	unmatched ROM
fc	Tenchi wo Kurau II - Shokatsu Koumei Den (Japan).zip	unmatched ROM
fc	Terra Cresta (Japan).zip	unmatched ROM
fc	Tetris 2 + Bombliss (Japan) (En) (Rev 1).zip	unmatched ROM
fc	Tetsudou Ou - Famicom Boardgame (Japan).zip	unmatched ROM
fc	Tetsuwan Atom (Japan).zip	unmatched ROM
fc	Thexder (Japan) (En).zip	unmatched ROM
fc	Times of Lore (Japan).zip	unmatched ROM
fc	Tiny Toon Adventures (Japan).zip	unmatched ROM
fc	Tiny Toon Adventures 2 - Montana Land e Youkoso (Japan).zip	unmatched ROM
fc	Titan (Japan).zip	unmatched ROM
fc	Toki no Tabibito - Time Stranger (Japan).zip	unmatched ROM
fc	Tokoro-san no Mamoru mo Semeru mo (Japan).zip	unmatched ROM
fc	Tom & Jerry (Japan).zip	unmatched ROM
fc	Tom Sawyer no Bouken (Japan).zip	unmatched ROM
fc	Top Striker (Japan).zip	unmatched ROM
fc	Totsuzen! Macchoman (Japan).zip	unmatched ROM
fc	Twin Eagle (Japan) (En).zip	unmatched ROM
fc	USA Ice Hockey in FC (Japan).zip	unmatched ROM
fc	Ultima - Kyoufu no Exodus (Japan).zip	unmatched ROM
fc	Ultima - Seija e no Michi (Japan).zip	unmatched ROM
fc	Ultraman Club - Supokon Fight! (Japan) (Datach).zip	unmatched ROM
fc	Ultraman Club 2 - Kaettekita Ultraman Club (Japan).zip	unmatched ROM
fc	Ultraman Club 3 - Matamata Shutsugeki!! Ultra Kyoudai (Japan).zip	unmatched ROM
fc	Ushio to Tora - Shinen no Taiyou (Japan).zip	unmatched ROM
fc	Utsurun Desu. - Kawauso Hawaii e Iku (Japan).zip	unmatched ROM
fc	Vegas Connection - Casino kara Ai o Komete (Japan).zip	unmatched ROM
fc	Venus Senki - Back the City (Japan).zip	unmatched ROM
fc	Viva! Las Vegas (Japan).zip	unmatched ROM
fc	Volguard II (Japan) (En).zip	unmatched ROM
fc	Volleyball (Japan) (FamicomBox).zip	unmatched ROM
fc	Wagyan Land 2 (Japan).zip	unmatched ROM
fc	Wai Wai World 2 - SOS!! Parsley Jou (Japan).zip	unmatched ROM
fc	Wanpaku Kokkun no Gourmet World (Japan).zip	unmatched ROM
fc	Warpman (Japan) (En).zip	unmatched ROM
fc	White Lion Densetsu - Pyramid no Kanata ni (Japan).zip	unmatched ROM
fc	Wily & Right no Rockboard - That's Paradise (Japan).zip	unmatched ROM
fc	Wizardry (Japan).zip	unmatched ROM
fc	Wizardry - Legacy of Llylgamyn (Japan).zip	unmatched ROM
fc	Woody Poko (Japan).zip	unmatched ROM
fc	World Grand-Prix - Pole to Finish (Japan).zip	unmatched ROM
fc	Xevious (Japan) (En).zip	unmatched ROM
fc	Yamamura Misa Suspense Series - Kyoto Zai-Tech Satsujin Jiken (Japan).zip	unmatched ROM
fc	Yie Ar Kung-Fu (Japan) (En) (Rev 1.4).zip	unmatched ROM
fc	Youkai Club (Japan).zip	unmatched ROM
fc	Yousei Monogatari - Rod Land (Japan).zip	unmatched ROM
fc	Yu Yu Hakusho - Bakutou Ankoku Bujutsukai (Japan) (Datach).zip	unmatched ROM
fc	Zoids 2 - Zenebas no Gyakushuu (Japan).zip	unmatched ROM
gb	Booby Boys (Japan).zip	unmatched ROM
gb	Duel Masters (Japan).zip	unmatched ROM
gb	Famicom Mini 01 - Super Mario Bros. (Japan) (En) (Rev 1).zip	unmatched ROM
gb	Famicom Mini 02 - Donkey Kong (Japan) (En).zip	unmatched ROM
gb	Famicom Mini 03 - Ice Climber (Japan) (En).zip	unmatched ROM
gb	Famicom Mini 05 - Zelda no Densetsu 1 - The Hyrule Fantasy (Japan).zip	unmatched ROM
gb	Famicom Mini 06 - Pac-Man (Japan) (En).zip	unmatched ROM
gb	Famicom Mini 07 - Xevious (Japan) (En).zip	unmatched ROM
gb	Famicom Mini 08 - Mappy (Japan) (En).zip	unmatched ROM
gb	Famicom Mini 09 - Bomberman (Japan) (En).zip	unmatched ROM
gb	Famicom Mini 10 - Star Soldier (Japan) (En).zip	unmatched ROM
gb	Famicom Mini 12 - Clu Clu Land (Japan).zip	unmatched ROM
gb	Famicom Mini 13 - Balloon Fight (Japan).zip	unmatched ROM
gb	Famicom Mini 15 - Dr. Mario (Japan).zip	unmatched ROM
gb	Famicom Mini 16 - Dig Dug (Japan).zip	unmatched ROM
gb	Famicom Mini 17 - Takahashi Meijin no Bouken-jima (Japan).zip	unmatched ROM
gb	Famicom Mini 21 - Super Mario Bros. 2 (Japan).zip	unmatched ROM
gb	Famicom Mini 29 - Akumajou Dracula (Japan).zip	unmatched ROM
gb	Famicom Mini 30 - SD Gundam World - Gachapon Senshi Scramble Wars (Japan).zip	unmatched ROM
gb	Game Boy Controller Kensa Cartridge (Japan).zip	unmatched ROM
gb	Ikari no Yousai 2 (Japan).zip	unmatched ROM
gb	Kaeru no Tame ni Kane wa Naru (Japan).zip	unmatched ROM
gb	Kinniku Banzuke - Kimero! Kiseki no Kanzen Seiha (Japan).zip	unmatched ROM
gb	Mother 3 (Japan) (Virtual Console).zip	unmatched ROM
gb	Peke to Poko no Daruman Busters (Japan).zip	unmatched ROM
gb	Penta Dragon (Japan).zip	unmatched ROM
gb	SD Hiryuu no Ken Gaiden 2 (Japan) (SGB Enhanced).zip	unmatched ROM
gba	Bomberman Story (Japan).zip	unmatched ROM
gba	Breath of Fire - Ryuu no Senshi (Japan).zip	unmatched ROM
gba	Digimon Racing (Japan).zip	unmatched ROM
gba	Doraemon - Midori no Wakusei Dokidoki Daikyuushutsu! (Japan).zip	unmatched ROM
gba	Dragon Ball Z - The Legacy of Goku II International (Japan).zip	unmatched ROM
gba	Duel Masters (Japan).zip	unmatched ROM
gba	Famicom Mini 01 - Super Mario Bros. (Japan) (En) (Rev 1).zip	unmatched ROM
gba	Famicom Mini 02 - Donkey Kong (Japan) (En).zip	unmatched ROM
gba	Famicom Mini 03 - Ice Climber (Japan) (En).zip	unmatched ROM
gba	Famicom Mini 05 - Zelda no Densetsu 1 - The Hyrule Fantasy (Japan).zip	unmatched ROM
gba	Famicom Mini 06 - Pac-Man (Japan) (En).zip	unmatched ROM
gba	Famicom Mini 07 - Xevious (Japan) (En).zip	unmatched ROM
gba	Famicom Mini 08 - Mappy (Japan) (En).zip	unmatched ROM
gba	Famicom Mini 09 - Bomberman (Japan) (En).zip	unmatched ROM
gba	Famicom Mini 10 - Star Soldier (Japan) (En).zip	unmatched ROM
gba	Famicom Mini 12 - Clu Clu Land (Japan).zip	unmatched ROM
gba	Famicom Mini 13 - Balloon Fight (Japan).zip	unmatched ROM
gba	Famicom Mini 15 - Dr. Mario (Japan).zip	unmatched ROM
gba	Famicom Mini 16 - Dig Dug (Japan).zip	unmatched ROM
gba	Famicom Mini 17 - Takahashi Meijin no Bouken-jima (Japan).zip	unmatched ROM
gba	Famicom Mini 21 - Super Mario Bros. 2 (Japan).zip	unmatched ROM
gba	Famicom Mini 29 - Akumajou Dracula (Japan).zip	unmatched ROM
gba	Famicom Mini 30 - SD Gundam World - Gachapon Senshi Scramble Wars (Japan).zip	unmatched ROM
gba	Famista Advance (Japan).zip	unmatched ROM
gba	Final Fantasy Tactics Advance (Japan).zip	unmatched ROM
gba	Fushigi no Kuni no Alice (Japan).zip	unmatched ROM
gba	Hamtaro - Ham-Ham Games (Japan, USA) (En,Ja).zip	unmatched ROM
gba	Kinniku Banzuke - Kimero! Kiseki no Kanzen Seiha (Japan).zip	unmatched ROM
gba	Klonoa Heroes - Densetsu no Star Medal (Japan).zip	unmatched ROM
gba	Lunar Legend (Japan).zip	unmatched ROM
gba	Metroid - Zero Mission (Japan).zip	unmatched ROM
gba	Metroid Fusion (Japan).zip	unmatched ROM
gba	Mother 3 (Japan) (Virtual Console).zip	unmatched ROM
gba	Naruto - Konoha Senki (Japan).zip	unmatched ROM
gba	Power Pro Kun Pocket 4 (Japan) (Rev 1).zip	unmatched ROM
gba	Recca no Honoo - The Game (Japan).zip	unmatched ROM
gba	Rockman EXE 4.5 - Real Operation (Japan).zip	unmatched ROM
gba	SD Gundam Force (Japan) (En).zip	unmatched ROM
gba	Tales of Phantasia (Japan).zip	unmatched ROM
gba	Yu-Gi-Oh! - Dungeon Dice Monsters (Japan).zip	unmatched ROM
pce	- Counter Attack (Japan).zip	unmatched ROM
pce	[BIOS] CD-ROM System (Japan) (v1.0).pce	unmatched ROM
pce	[BIOS] Games Express CD Card (Japan).pce	unmatched ROM
pce	[BIOS] Super CD-ROM System (Japan) (v3.0).pce	unmatched ROM
pce	syscard3.pce	unmatched ROM
pce	Aldynes - The Misson Code for Rage Crisis (Japan).zip	unmatched ROM
pce	Dai Makai-Mura.zip	unmatched ROM
pce	Daimakaimura (Japan).zip	unmatched ROM
pce	Flying Trooper X-SERD Hisou Kihei (Japan) T+Eng v1 Nebulous.zip	unmatched ROM
pce	Gomola Speed (Japan) (En).zip	unmatched ROM
pce	Madou King Granzort (Japan).zip	unmatched ROM
pce	Youkai Douchuuki (Japan).zip	unmatched ROM
ps1	scph5501.bin	unmatched ROM
ps1	Addie no Okurimono - To Moze from Addie (Japan).chd	unmatched ROM
ps1	Aquanaut no Kyuujitsu (Japan).chd	unmatched ROM
ps1	Aquanaut no Kyuujitsu 2 (Japan).chd	unmatched ROM
ps1	Asonde AIUEO (Japan).chd	unmatched ROM
ps1	Bishi Bashi Special 3 - Step Champ (Japan).chd	unmatched ROM
ps1	Bokujou Monogatari - Harvest Moon (Japan).chd	unmatched ROM
ps1	Brightis (Japan).chd	unmatched ROM
ps1	CG Mukashi Banashi - Jiisan 2-do Bikkuri!! (Japan).chd	unmatched ROM
ps1	Chippoke Ralph no Daibouken - The Adventure of Little Ralph (Japan).chd	unmatched ROM
ps1	Classic Road (Japan).chd	unmatched ROM
ps1	Clock Tower - The First Fear (Japan).chd	unmatched ROM
ps1	Conveni Special, The - Mitsu no Sekai o Dokusen seyo (Japan).chd	unmatched ROM
ps1	Cotton 100% (Japan).chd	unmatched ROM
ps1	Cowboy Bebop (Japan).chd	unmatched ROM
ps1	Crash Bandicoot Racing (Japan).chd	unmatched ROM
ps1	Crazy Climber 2000 (Japan).chd	unmatched ROM
ps1	Daibouken Deluxe - Haruka naru Umi (Japan).chd	unmatched ROM
ps1	Daikoukai Jidai Gaiden (Japan).chd	unmatched ROM
ps1	Daikoukai Jidai II (Japan).chd	unmatched ROM
ps1	Daisenryaku - Player's Spirit (Japan).chd	unmatched ROM
ps1	Dice de Chocobo (Japan).chd	unmatched ROM
ps1	Digital Ehon Vol. 2 - Imadoki no Kaguya-hime (Japan).chd	unmatched ROM
ps1	Digital Ehon Vol. 3 - Imadoki no Saru Kani (Japan).chd	unmatched ROM
ps1	Digital Ehon Vol. 4 - Imadoki no Hanasaka Jiisan (Japan).chd	unmatched ROM
ps1	Digital Ehon Vol. 5 - Imadoki no Urashima-tarou (Japan).chd	unmatched ROM
ps1	Dokapon! Ikari no Tekken (Japan).chd	unmatched ROM
ps1	Dragon Ball Z - Idainaru Dragon Ball Densetsu (Japan).chd	unmatched ROM
ps1	Dragon Money (Japan).chd	unmatched ROM
ps1	Druid - Yami e no Tsuisekisha (Japan).chd	unmatched ROM
ps1	Elder Gate (Japan).chd	unmatched ROM
ps1	Gaia Seed - Project Seed Trap (Japan).chd	unmatched ROM
ps1	Gallop Racer (Japan).chd	unmatched ROM
ps1	Gallop Racer 2000 (Japan).chd	unmatched ROM
ps1	Gallop Racer 3 (Japan).chd	unmatched ROM
ps1	Game de Hajimeru TOEIC Test - Mazu wa Nyuumon-hen 1500 (Japan).chd	unmatched ROM
ps1	Genghis Khan - Aoki Ookami to Shiroki Mejika IV (Japan).chd	unmatched ROM
ps1	Gotouchi Hello Kitty Sugoroku Monogatari (Japan).chd	unmatched ROM
ps1	Gunbalina (Japan).chd	unmatched ROM
ps1	Hokuto no Ken - Seikimatsu Kyuuseishu Densetsu (Japan).chd	unmatched ROM
ps1	Honkaku Hanafuda (Japan).chd	unmatched ROM
ps1	Hyper Olympic in Atlanta (Japan).chd	unmatched ROM
ps1	Jouki Kikansha Unten Simulation - SL de Ikou! II (Japan).chd	unmatched ROM
ps1	Kids Station - Crayon Shin-chan - Ora to Omoide Tsukuru zo! (Japan).chd	unmatched ROM
ps1	Kids Station - Hello Kitty no Ouchi e Oide yo! (Japan).chd	unmatched ROM
ps1	Kinniku Banzuke - Road to Sasuke (Japan).chd	unmatched ROM
ps1	Kouryuu Sangoku Engi (Japan).chd	unmatched ROM
ps1	Kowloon-jou (Japan).chd	unmatched ROM
ps1	Kuru Kuru Cube (Japan).chd	unmatched ROM
ps1	Libero Grande 2 (Japan).chd	unmatched ROM
ps1	Medarot R (Japan).chd	unmatched ROM
ps1	Metamor Panic - Doki Doki Youma Busters!! (Japan).chd	unmatched ROM
ps1	Mini-Moni. Dice de Pyon! (Japan).chd	unmatched ROM
ps1	Missland 2 (Japan).chd	unmatched ROM
ps1	Mr. Prospector - Horiate-kun (Japan).chd	unmatched ROM
ps1	Naniwa no Akindo - Futte Nanbo no Saikoro Jinsei (Japan).chd	unmatched ROM
ps1	Nice Price Series Vol. 04 - Billiard King (Japan).chd	unmatched ROM
ps1	Nice Price Series Vol. 07 - World Tournament Bowling (Japan).chd	unmatched ROM
ps1	Nice Price Series Vol. 08 - Elemental Pinball (Japan).chd	unmatched ROM
ps1	Nichibutsu Arcade Classics (Japan).chd	unmatched ROM
ps1	Panekit - Infinitive Crafting Toy Case (Japan).chd	unmatched ROM
ps1	Pastel Muses (Japan).chd	unmatched ROM
ps1	Pikiinya! Excellent (Japan).chd	unmatched ROM
ps1	Play de Oboeru Series 7 - Play de Oboeru TOEIC Test - Goku Deruderu 1700 (Japan).chd	unmatched ROM
ps1	PlayStadium (Japan).chd	unmatched ROM
ps1	Pocket MuuMuu (Japan).chd	unmatched ROM
ps1	Pokeler DX - Pink (Japan).chd	unmatched ROM
ps1	Prismaticallization (Japan).chd	unmatched ROM
ps1	Restaurant Dream (Japan).chd	unmatched ROM
ps1	Riot Stars (Japan).chd	unmatched ROM
ps1	Shin Fortune Quest - Shokutaku no Kishi-tachi (Japan).chd	unmatched ROM
ps1	Sid Meier's Civilization - Shin Sekai Shichidai Bunmei (Japan).chd	unmatched ROM
ps1	Sno Pokeler (Japan).chd	unmatched ROM
ps1	Soukyu Gurentai - Oubushustugeki (Japan).chd	unmatched ROM
ps1	Soulmaster (Japan).chd	unmatched ROM
ps1	Study Quest - Keisanjima no Daibouken (Japan).chd	unmatched ROM
ps1	Super Price Series - Block & Switch (Japan).chd	unmatched ROM
ps1	Super Robot Taisen Alpha (Japan).chd	unmatched ROM
ps1	SuperLite 1500 Series - Battle Qix (Japan).chd	unmatched ROM
ps1	SuperLite 1500 Series - Burn Out (Japan).chd	unmatched ROM
ps1	SuperLite 1500 Series - Carnage Heart (Japan).chd	unmatched ROM
ps1	SuperLite 1500 Series - Suudoku (Japan).chd	unmatched ROM
ps1	SuperLite 1500 Series - Uno (Japan).chd	unmatched ROM
ps1	Two-Tenkaku (Japan).chd	unmatched ROM
ps1	Wolkenkratzer - Shinpan no Tou (Japan).chd	unmatched ROM
ps1	World Never Island (Japan).chd	unmatched ROM
ps1	World Neverland - Olerud Oukoku Monogatari (Japan).chd	unmatched ROM
ps1	X2 - No Relief (Japan).chd	unmatched ROM
ps1	Yoshimoto Muchicco Dai-kessen - Minami no Umi no Gorongo-tou (Japan).chd	unmatched ROM
ps1	Yu-Gi-Oh! Monster Capsule Breed & Battle (Japan).chd	unmatched ROM
ps1	Zera-chan Puzzle - Pitatto Pair (Japan).chd	unmatched ROM
sfc	Acrobat Mission (Japan) (En).zip	unmatched ROM
sfc	Aero Fighters (USA).zip	unmatched ROM
sfc	Amazing Spider-Man, The - Lethal Foes (Japan).zip	unmatched ROM
sfc	Appleseed - Prometheus no Shintaku (Japan).zip	unmatched ROM
sfc	Arcus Spirits (Japan).zip	unmatched ROM
sfc	Aretha (Japan).zip	unmatched ROM
sfc	Axelay (Japan).zip	unmatched ROM
sfc	Bahamut Lagoon (Japan).zip	unmatched ROM
sfc	Battle Robot Retsuden (Japan).zip	unmatched ROM
sfc	Battle Submarine (Japan).zip	unmatched ROM
sfc	Battle Tycoon - Flash Hiders SFX (Japan) (Rev 1).zip	unmatched ROM
sfc	Bishoujo Senshi Sailor Moon Sailor Stars - Fuwafuwa Panic 2 (Japan).zip	unmatched ROM
sfc	Bomberman B-Daman (Japan).zip	unmatched ROM
sfc	Chrono Trigger (Japan).zip	unmatched ROM
sfc	Crayon Shin-chan - Nagagutsu Dobon!! (Japan).zip	unmatched ROM
sfc	Cyborg 009 (Japan).zip	unmatched ROM
sfc	Dark Half (Japan).zip	unmatched ROM
sfc	Dark Kingdom (Japan).zip	unmatched ROM
sfc	Doraemon 4 - Nobita to Tsuki no Oukoku (Japan).zip	unmatched ROM
sfc	Energy Breaker (Japan).zip	unmatched ROM
sfc	F-1 Grand Prix (Japan).zip	unmatched ROM
sfc	F-1 Grand Prix - Part III (Japan).zip	unmatched ROM
sfc	Final Fight 2 (USA).zip	unmatched ROM
sfc	Finalset (Japan) (En).zip	unmatched ROM
sfc	Front Mission - Gun Hazard (Japan) (VC).zip	unmatched ROM
sfc	Front Mission Series - Gun Hazard (Japan).zip	unmatched ROM
sfc	Fushigi no Dungeon.zip	unmatched ROM
sfc	Galaxy Wars (Japan) (En).zip	unmatched ROM
sfc	Ganbare Goemon 2 - Kiteretsu Shougun Magginesu (Japan) (VC).zip	unmatched ROM
sfc	Ganbare Goemon 3 - Shishi Juurokubee no Karakuri Manjigatame (Japan).zip	unmatched ROM
sfc	Ganbare Goemon Kirakira Douchuu - Boku ga Dancer ni Natta Wake (Japan).zip	unmatched ROM
sfc	Gegege no Kitarou - Youkai Donjara (Japan).zip	unmatched ROM
sfc	Gekisou Sentai Carranger - Zenkai! Racer Senshi (Japan).zip	unmatched ROM
sfc	Ghost Chaser Densei (Japan).zip	unmatched ROM
sfc	Great Battle Gaiden 2, The - Matsuri da Wasshoi (Japan).zip	unmatched ROM
sfc	Great Battle IV, The (Japan).zip	unmatched ROM
sfc	Great Battle V, The (Japan).zip	unmatched ROM
sfc	Heiwa Pachinko World 3 (Japan).zip	unmatched ROM
sfc	Illusion of Gaia (USA).zip	unmatched ROM
sfc	Kamen Rider (Japan).zip	unmatched ROM
sfc	Karura Ou (Japan).zip	unmatched ROM
sfc	Magical Drop 2 (Japan).zip	unmatched ROM
sfc	Magical Drop 2 - Bunka Housou Special Version (Japan).zip	unmatched ROM
sfc	Mazinger Z (Japan).zip	unmatched ROM
sfc	Metal Max 2 (Japan).zip	unmatched ROM
sfc	Mickey to Donald - Magical Adventure 3 (Japan).zip	unmatched ROM
sfc	Monopoly Game 2, The (Japan).zip	unmatched ROM
sfc	Nintama Rantarou (Japan).zip	unmatched ROM
sfc	Poi Poi Ninja World (Japan).zip	unmatched ROM
sfc	Popeye - Ijiwaru Majo Sea Hag no Maki (Japan).zip	unmatched ROM
sfc	Rendering Ranger R2 (Japan) (En).zip	unmatched ROM
sfc	Rival Turf.zip	unmatched ROM
sfc	Rockman & Forte (Japan).zip	unmatched ROM
sfc	Rushing Beat Ran - Fukusei Toshi (Japan).zip	unmatched ROM
sfc	SD Gundam G Next (Japan).zip	unmatched ROM
sfc	SD Gundam G Next - Data Pack 2 (Japan).zip	unmatched ROM
sfc	SD Gundam Generation - Axis Senki (Japan).zip	unmatched ROM
sfc	SD Gundam Generation - Colony Kakutouki (Japan).zip	unmatched ROM
sfc	SD Gundam Generation - Gryps Senki (Japan).zip	unmatched ROM
sfc	SD Gundam Generation - Ichinen Sensouki (Japan).zip	unmatched ROM
sfc	SD Gundam Generation - Zanscare Senki (Japan).zip	unmatched ROM
sfc	SD Ultra Battle - Ultraman Densetsu (Japan).zip	unmatched ROM
sfc	Same Game + Tengai Makyou Zero Jikei (Japan).zip	unmatched ROM
sfc	Same Game + Tengai Makyou Zero Jikei - Data Pack (Japan).zip	unmatched ROM
sfc	Slam Dunk.zip	unmatched ROM
sfc	Snoopy Concert (Japan).zip	unmatched ROM
sfc	Sonic Blast Man II Special Turbo (Japan) (Arcade Bootleg).zip	unmatched ROM
sfc	Soul Blazer (USA).zip	unmatched ROM
sfc	Super Bomberman - Panic Bomber World (Japan).zip	unmatched ROM
sfc	Super Bomberman 2 - Caravan You Taikenban (Japan).zip	unmatched ROM
sfc	Super Bomberman 5 - Caravan Event Ban (Japan).zip	unmatched ROM
sfc	Super Bombliss (Japan) (En).zip	unmatched ROM
sfc	Super Boss Gaiden (World) (v1.2).zip	unmatched ROM
sfc	Super Famicom Box 4S Attraction (Japan).zip	unmatched ROM
sfc	Super Famista 5 (Japan).zip	unmatched ROM
sfc	Super Fire Pro Wrestling III - Final Bout (Japan).zip	unmatched ROM
sfc	Super Fire Pro Wrestling X Premium.zip	unmatched ROM
sfc	Super Genjin 2 (Japan).zip	unmatched ROM
sfc	Super Metroid (Japan) (En,Ja) (Virtual Console, Switch Online).zip	unmatched ROM
sfc	Super Robot Taisen EX (Japan).zip	unmatched ROM
sfc	Tsuri Tarou (Japan).zip	unmatched ROM
sfc	Undercover Cops (Japan).zip	unmatched ROM
