platform	source	api_name_status
gb	Booby Boys (Japan).zip	rom_name_not_in_api
gb	Duel Masters (Japan).zip	rom_name_not_in_api
gb	Famicom Mini 01 - Super Mario Bros. (Japan) (En) (Rev 1).zip	rom_name_not_in_api
gb	Famicom Mini 02 - Donkey Kong (Japan) (En).zip	rom_name_not_in_api
gb	Famicom Mini 03 - Ice Climber (Japan) (En).zip	rom_name_not_in_api
gb	Famicom Mini 05 - Zelda no Densetsu 1 - The Hyrule Fantasy (Japan).zip	rom_name_not_in_api
gb	Famicom Mini 06 - Pac-Man (Japan) (En).zip	rom_name_not_in_api
gb	Famicom Mini 07 - Xevious (Japan) (En).zip	rom_name_not_in_api
gb	Famicom Mini 08 - Mappy (Japan) (En).zip	rom_name_not_in_api
gb	Famicom Mini 09 - Bomberman (Japan) (En).zip	rom_name_not_in_api
gb	Famicom Mini 10 - Star Soldier (Japan) (En).zip	rom_name_not_in_api
gb	Famicom Mini 12 - Clu Clu Land (Japan).zip	rom_name_not_in_api
gb	Famicom Mini 13 - Balloon Fight (Japan).zip	rom_name_not_in_api
gb	Famicom Mini 15 - Dr. Mario (Japan).zip	rom_name_not_in_api
gb	Famicom Mini 16 - Dig Dug (Japan).zip	rom_name_not_in_api
gb	Famicom Mini 17 - Takahashi Meijin no Bouken-jima (Japan).zip	rom_name_not_in_api
gb	Famicom Mini 21 - Super Mario Bros. 2 (Japan).zip	rom_name_not_in_api
gb	Famicom Mini 29 - Akumajou Dracula (Japan).zip	rom_name_not_in_api
gb	Famicom Mini 30 - SD Gundam World - Gachapon Senshi Scramble Wars (Japan).zip	rom_name_not_in_api
gb	Game Boy Controller Kensa Cartridge (Japan).zip	rom_name_not_in_api
gb	Ikari no Yousai 2 (Japan).zip	rom_name_not_in_api
gb	Kaeru no Tame ni Kane wa Naru (Japan).zip	rom_name_not_in_api
gb	Kinniku Banzuke - Kimero! Kiseki no Kanzen Seiha (Japan).zip	rom_name_not_in_api
gb	Mother 3 (Japan) (Virtual Console).zip	rom_name_not_in_api
gb	Peke to Poko no Daruman Busters (Japan).zip	rom_name_not_in_api
gb	Penta Dragon (Japan).zip	rom_name_not_in_api
gb	SD Hiryuu no Ken Gaiden 2 (Japan) (SGB Enhanced).zip	rom_name_not_in_api
gba	Bomberman Story (Japan).zip	rom_name_not_in_api
gba	Breath of Fire - Ryuu no Senshi (Japan).zip	rom_name_not_in_api
gba	Digimon Racing (Japan).zip	rom_name_not_in_api
gba	Doraemon - Midori no Wakusei Dokidoki Daikyuushutsu! (Japan).zip	rom_name_not_in_api
gba	Dragon Ball Z - The Legacy of Goku II International (Japan).zip	rom_name_not_in_api
gba	Duel Masters (Japan).zip	rom_name_not_in_api
gba	Famicom Mini 01 - Super Mario Bros. (Japan) (En) (Rev 1).zip	rom_name_not_in_api
gba	Famicom Mini 02 - Donkey Kong (Japan) (En).zip	rom_name_not_in_api
gba	Famicom Mini 03 - Ice Climber (Japan) (En).zip	rom_name_not_in_api
gba	Famicom Mini 05 - Zelda no Densetsu 1 - The Hyrule Fantasy (Japan).zip	rom_name_not_in_api
gba	Famicom Mini 06 - Pac-Man (Japan) (En).zip	rom_name_not_in_api
gba	Famicom Mini 07 - Xevious (Japan) (En).zip	rom_name_not_in_api
gba	Famicom Mini 08 - Mappy (Japan) (En).zip	rom_name_not_in_api
gba	Famicom Mini 09 - Bomberman (Japan) (En).zip	rom_name_not_in_api
gba	Famicom Mini 10 - Star Soldier (Japan) (En).zip	rom_name_not_in_api
gba	Famicom Mini 12 - Clu Clu Land (Japan).zip	rom_name_not_in_api
gba	Famicom Mini 13 - Balloon Fight (Japan).zip	rom_name_not_in_api
gba	Famicom Mini 15 - Dr. Mario (Japan).zip	rom_name_not_in_api
gba	Famicom Mini 16 - Dig Dug (Japan).zip	rom_name_not_in_api
gba	Famicom Mini 17 - Takahashi Meijin no Bouken-jima (Japan).zip	rom_name_not_in_api
gba	Famicom Mini 21 - Super Mario Bros. 2 (Japan).zip	rom_name_not_in_api
gba	Famicom Mini 29 - Akumajou Dracula (Japan).zip	rom_name_not_in_api
gba	Famicom Mini 30 - SD Gundam World - Gachapon Senshi Scramble Wars (Japan).zip	rom_name_not_in_api
gba	Famista Advance (Japan).zip	rom_name_not_in_api
gba	Final Fantasy Tactics Advance (Japan).zip	rom_name_not_in_api
gba	Fushigi no Kuni no Alice (Japan).zip	rom_name_not_in_api
gba	Hamtaro - Ham-Ham Games (Japan, USA) (En,Ja).zip	rom_name_not_in_api
gba	Kinniku Banzuke - Kimero! Kiseki no Kanzen Seiha (Japan).zip	rom_name_not_in_api
gba	Klonoa Heroes - Densetsu no Star Medal (Japan).zip	rom_name_not_in_api
gba	Lunar Legend (Japan).zip	rom_name_not_in_api
gba	Metroid - Zero Mission (Japan).zip	rom_name_not_in_api
gba	Metroid Fusion (Japan).zip	rom_name_not_in_api
gba	Mother 3 (Japan) (Virtual Console).zip	rom_name_not_in_api
gba	Naruto - Konoha Senki (Japan).zip	rom_name_not_in_api
gba	Power Pro Kun Pocket 4 (Japan) (Rev 1).zip	rom_name_not_in_api
gba	Recca no Honoo - The Game (Japan).zip	rom_name_not_in_api
gba	Rockman EXE 4.5 - Real Operation (Japan).zip	rom_name_not_in_api
gba	SD Gundam Force (Japan) (En).zip	rom_name_not_in_api
gba	Tales of Phantasia (Japan).zip	rom_name_not_in_api
gba	Yu-Gi-Oh! - Dungeon Dice Monsters (Japan).zip	rom_name_not_in_api
fc	'89 Dennou Kyuusei Uranai (Japan).zip	rom_name_not_in_api
fc	10-Yard Fight (Japan) (En).zip	rom_name_not_in_api
fc	100 Man Dollar Kid - Maboroshi no Teiou Hen (Japan).zip	rom_name_not_in_api
fc	1943 - The Battle of Valhalla (Japan).zip	rom_name_not_in_api
fc	1999 - Hore, Mitakotoka! Seikimatsu (Japan).zip	rom_name_not_in_api
fc	2010 - Street Fighter (Japan).zip	rom_name_not_in_api
fc	4 Nin Uchi Mahjong (Japan).zip	rom_name_not_in_api
fc	8 Eyes (Japan).zip	rom_name_not_in_api
fc	ASO - Armored Scrum Object (Japan).zip	rom_name_not_in_api
fc	Aa Yakyuu Jinsei Icchokusen (Japan).zip	rom_name_not_in_api
fc	Abadox (Japan) (En).zip	rom_name_not_in_api
fc	Aces - Iron Eagle III (Japan).zip	rom_name_not_in_api
fc	Advanced Dungeons & Dragons - Hillsfar (Japan).zip	rom_name_not_in_api
fc	Advanced Dungeons & Dragons - Pool of Radiance (Japan).zip	rom_name_not_in_api
fc	Adventures of Lolo (Japan) (En).zip	rom_name_not_in_api
fc	Adventures of Lolo II (Japan).zip	rom_name_not_in_api
fc	After Burner (Japan) (En).zip	rom_name_not_in_api
fc	Aigina no Yogen - Balubalouk no Densetsu Yori (Japan).zip	rom_name_not_in_api
fc	Air Fortress (Japan).zip	rom_name_not_in_api
fc	Airwolf (Japan) (Kyugo).zip	rom_name_not_in_api
fc	Akira (Japan).zip	rom_name_not_in_api
fc	Akumajou Densetsu (Japan).zip	rom_name_not_in_api
fc	Akumajou Special - Boku Dracula-kun (Japan).zip	rom_name_not_in_api
fc	Alien Syndrome (Japan).zip	rom_name_not_in_api
fc	American Dream (Japan).zip	rom_name_not_in_api
fc	Ankoku Shinwa - Yamato Takeru Densetsu (Japan).zip	rom_name_not_in_api
fc	Arabian Dream Scheherazade (Japan).zip	rom_name_not_in_api
fc	Arctic (Japan) (En).zip	rom_name_not_in_api
fc	Argos no Senshi (Japan) (FamicomBox).zip	rom_name_not_in_api
fc	Argos no Senshi - Hachamecha Daishingeki (Japan).zip	rom_name_not_in_api
fc	Arkanoid (Japan) (En).zip	rom_name_not_in_api
fc	Arkanoid II (Japan) (En).zip	rom_name_not_in_api
fc	Armadillo (Japan).zip	rom_name_not_in_api
fc	Artelius (Japan).zip	rom_name_not_in_api
fc	Asmik-kun Land (Japan).zip	rom_name_not_in_api
fc	Astro Robo Sasa (Japan) (En).zip	rom_name_not_in_api
fc	Athena (Japan).zip	rom_name_not_in_api
fc	Attack Animal Gakuen (Japan) (En) (Famicom 3D System).zip	rom_name_not_in_api
fc	B-Wings (Japan) (En).zip	rom_name_not_in_api
fc	Baken Hisshou Gaku - Gate In (Japan).zip	rom_name_not_in_api
fc	Bakushou!! Ai no Gekijou (Japan).zip	rom_name_not_in_api
fc	Bakushou!! Jinsei Gekijou 2 (Japan).zip	rom_name_not_in_api
fc	Ballblazer (Japan) (En).zip	rom_name_not_in_api
fc	Balloon Fight (Japan).zip	rom_name_not_in_api
fc	Banana (Japan).zip	rom_name_not_in_api
fc	Bard's Tale, The (Japan).zip	rom_name_not_in_api
fc	Baseball (Japan).zip	rom_name_not_in_api
fc	Baseball Fighter (Japan).zip	rom_name_not_in_api
fc	Baseball Star - Mezase Sankanou!! (Japan).zip	rom_name_not_in_api
fc	Batman (Japan) (En).zip	rom_name_not_in_api
fc	Batsu & Terry - Makyou no Tetsujin Race (Japan) (En).zip	rom_name_not_in_api
fc	Battle Baseball (Japan).zip	rom_name_not_in_api
fc	Battle Fleet (Japan).zip	rom_name_not_in_api
fc	Battle Formula (Japan) (En).zip	rom_name_not_in_api
fc	Battle Rush - Build Up Robot Tournament (Japan) (Datach).zip	rom_name_not_in_api
fc	Battle Storm (Japan).zip	rom_name_not_in_api
fc	BattleCity (Japan) (En).zip	rom_name_not_in_api
fc	Best Play Pro Yakyuu '90 (Japan).zip	rom_name_not_in_api
fc	Best Play Pro Yakyuu (Japan) (Rev 1).zip	rom_name_not_in_api
fc	Bikkuri Nekketsu Shin Kiroku! - Harukanaru Kin Medal (Japan).zip	rom_name_not_in_api
fc	Bio Miracle Bokutte Upa (Japan) (En).zip	rom_name_not_in_api
fc	Bird Week (Japan) (En).zip	rom_name_not_in_api
fc	Blodia Land - Puzzle Quest (Japan) (En).zip	rom_name_not_in_api
fc	Bokosuka Wars (Japan) (En).zip	rom_name_not_in_api
fc	Bomberman (Japan) (En).zip	rom_name_not_in_api
fc	Bomberman II (Japan) (En).zip	rom_name_not_in_api
fc	Booby Kids (Japan) (En).zip	rom_name_not_in_api
fc	Buggy Popper (Japan) (En).zip	rom_name_not_in_api
fc	Cadillac (Japan).zip	rom_name_not_in_api
fc	Capcom Barcelona '92 (Japan).zip	rom_name_not_in_api
fc	Captain Saver (Japan).zip	rom_name_not_in_api
fc	Captain Tsubasa (Japan).zip	rom_name_not_in_api
fc	Captain Tsubasa II - Super Striker (Japan).zip	rom_name_not_in_api
fc	Casino Derby (Japan).zip	rom_name_not_in_api
fc	Castle Excellent (Japan) (En).zip	rom_name_not_in_api
fc	Cat Ninden Teyandee (Japan).zip	rom_name_not_in_api
fc	Chack'n Pop (Japan) (En).zip	rom_name_not_in_api
fc	Challenger (Japan) (En).zip	rom_name_not_in_api
fc	Championship Bowling (Japan) (En).zip	rom_name_not_in_api
fc	Championship Lode Runner (Japan) (En).zip	rom_name_not_in_api
fc	Chester Field - Ankoku Shin e no Chousen (Japan).zip	rom_name_not_in_api
fc	Chip to Dale no Daisakusen (Japan).zip	rom_name_not_in_api
fc	Chitei Senkuu Vazolder (Japan).zip	rom_name_not_in_api
fc	Chou Fuyuu Yousai - Exed Exes (Japan) (En).zip	rom_name_not_in_api
fc	Chou Hen (Japan) (Joy Van).zip	rom_name_not_in_api
fc	Choujin Sentai - Jetman (Japan) (En).zip	rom_name_not_in_api
fc	Choujinrou Senki - Warwolf (Japan).zip	rom_name_not_in_api
fc	Chuugoku Janshi Story - Tonfuu (Japan).zip	rom_name_not_in_api
fc	City Adventure Touch - Mystery of Triangle (Japan).zip	rom_name_not_in_api
fc	Clu Clu Land (Japan).zip	rom_name_not_in_api
fc	Cobra Command (Japan).zip	rom_name_not_in_api
fc	Columbus - Ougon no Yoake (Japan).zip	rom_name_not_in_api
fc	Contra (Japan).zip	rom_name_not_in_api
fc	Cosmic Wars (Japan).zip	rom_name_not_in_api
fc	Cosmo Genesis (Japan).zip	rom_name_not_in_api
fc	Crayon Shin-chan - Ora to Poi Poi (Japan) (Datach).zip	rom_name_not_in_api
fc	Crazy Climber (Japan) (En).zip	rom_name_not_in_api
fc	CrossFire (Japan) (En).zip	rom_name_not_in_api
fc	Daiva - Imperial of Nirsartia (Japan).zip	rom_name_not_in_api
fc	De-Block (Japan).zip	rom_name_not_in_api
fc	Deep Dungeon III - Yuushi e no Tabi (Japan).zip	rom_name_not_in_api
fc	Deep Dungeon IV - Kuro no Youjutsushi (Japan).zip	rom_name_not_in_api
fc	Devil World (Japan) (Rev 1).zip	rom_name_not_in_api
fc	Dig Dug (Japan) (En).zip	rom_name_not_in_api
fc	Digital Devil Monogatari - Megami Tensei (Japan).zip	rom_name_not_in_api
fc	Digital Devil Story - Megami Tensei (Japan) (Rev 1).zip	rom_name_not_in_api
fc	Digital Devil Story - Megami Tensei II (Japan) (Rev 1).zip	rom_name_not_in_api
fc	Don Doko Don (Japan).zip	rom_name_not_in_api
fc	Donald Land (Japan) (En).zip	rom_name_not_in_api
fc	Donkey Kong (World) (Rev 1).zip	rom_name_not_in_api
fc	Donkey Kong 3 (Japan).zip	rom_name_not_in_api
fc	Donkey Kong Jr. (World) (Rev 1).zip	rom_name_not_in_api
fc	Donkey Kong Jr. no Sansuu Asobi (Japan) (En).zip	rom_name_not_in_api
fc	Door Door (Japan) (En).zip	rom_name_not_in_api
fc	Doraemon - Giga Zombie no Gyakushuu (Japan).zip	rom_name_not_in_api
fc	Dough Boy (Japan) (En).zip	rom_name_not_in_api
fc	Downtown Special - Kunio-kun no Jidaigeki Da yo Zenin Shuugou! (Japan).zip	rom_name_not_in_api
fc	Dragon Ball 3 - Gokuu Den (Japan) (Rev 1).zip	rom_name_not_in_api
fc	Dragon Ball Z - Gekitou Tenkaichi Budoukai (Japan) (Datach).zip	rom_name_not_in_api
fc	Dragon Ball Z II - Gekishin Freeza!! (Japan) (Rev 1).zip	rom_name_not_in_api
fc	Dragon Buster II - Yami no Fuuin (Japan) (En).zip	rom_name_not_in_api
fc	Dragon Quest II - Akuryou no Kamigami (Japan).zip	rom_name_not_in_api
fc	Dragon Quest III - Soshite Densetsu e... (Japan).zip	rom_name_not_in_api
fc	Dragon Scroll - Yomigaerishi Maryuu (Japan).zip	rom_name_not_in_api
fc	Dragon Slayer IV - Drasle Family (Japan).zip	rom_name_not_in_api
fc	Druaga no Tou (Japan).zip	rom_name_not_in_api
fc	Duck Hunt (World).zip	rom_name_not_in_api
fc	DuckTales 2 (Japan).zip	rom_name_not_in_api
fc	Dynamite Batman (Japan) (En).zip	rom_name_not_in_api
fc	Dynamite Bowl (Japan) (En).zip	rom_name_not_in_api
fc	Eggerland - Meikyuu no Fukkatsu (Japan).zip	rom_name_not_in_api
fc	Egypt (Japan).zip	rom_name_not_in_api
fc	Erika to Satoru no Yume Bouken (Japan).zip	rom_name_not_in_api
fc	Erunaaku no Zaihou (Japan).zip	rom_name_not_in_api
fc	Esper Bouken Tai (Japan).zip	rom_name_not_in_api
fc	Exciting Boxing (Japan) (En).zip	rom_name_not_in_api
fc	Exciting Rally - World Rally Championship (Japan).zip	rom_name_not_in_api
fc	Exerion (Japan) (En).zip	rom_name_not_in_api
fc	Famicom Doubutsu Seitai Zukan! - Katte ni Shirokuma - Mori o Sukue no Maki! (Japan).zip	rom_name_not_in_api
fc	Famicom Jump - Eiyuu Retsuden (Japan).zip	rom_name_not_in_api
fc	Famicom Meijin Sen (Japan) (Rev 1).zip	rom_name_not_in_api
fc	Family BASIC (Japan) (v3.0).zip	rom_name_not_in_api
fc	Family Computer - Othello (Japan).zip	rom_name_not_in_api
fc	Family Pinball (Japan).zip	rom_name_not_in_api
fc	Family Quiz (Japan).zip	rom_name_not_in_api
fc	Family Trainer 1 - Athletic World (Japan) (Rev 1).zip	rom_name_not_in_api
fc	Family Trainer 10 - Rairai Kyonsees (Japan).zip	rom_name_not_in_api
fc	Family Trainer 2 - Running Stadium (Japan).zip	rom_name_not_in_api
fc	Family Trainer 3 - Aerobics Studio (Japan).zip	rom_name_not_in_api
fc	Family Trainer 4 - Jogging Race (Japan).zip	rom_name_not_in_api
fc	Family Trainer 5 - Meiro Daisakusen (Japan).zip	rom_name_not_in_api
fc	Family Trainer 6 - Manhattan Police (Japan) (En).zip	rom_name_not_in_api
fc	Family Trainer 7 - Daiundoukai (Japan).zip	rom_name_not_in_api
fc	Family Trainer 8 - Totsugeki! Fuuun Takeshi-jou (Japan).zip	rom_name_not_in_api
fc	Family Trainer 9 - Fuuun Takeshi-jou 2 (Japan).zip	rom_name_not_in_api
fc	Famista '89 - Kaimaku Ban!! (Japan).zip	rom_name_not_in_api
fc	Fantasy Zone (Japan) (En) (Sunsoft).zip	rom_name_not_in_api
fc	Ferrari (Japan).zip	rom_name_not_in_api
fc	Field Combat (Japan) (En).zip	rom_name_not_in_api
fc	Final Fantasy (Japan) (Rev 1).zip	rom_name_not_in_api
fc	Final Fantasy III (Japan).zip	rom_name_not_in_api
fc	Fire Emblem - Ankoku Ryuu to Hikari no Tsurugi (Japan).zip	rom_name_not_in_api
fc	Flappy (Japan) (En).zip	rom_name_not_in_api
fc	Flipull - An Exciting Cube Game (Japan) (En).zip	rom_name_not_in_api
fc	Formation Z (Japan) (En) (Rev 1).zip	rom_name_not_in_api
fc	Galaxian (Japan) (En) (Rev 1).zip	rom_name_not_in_api
fc	Ganbare Goemon! - Karakuri Douchuu (Japan).zip	rom_name_not_in_api
fc	Garfield no Isshukan (Japan) (En).zip	rom_name_not_in_api
fc	Geimos (Japan) (En).zip	rom_name_not_in_api
fc	Gekitotsu Yonku Battle (Japan) (En).zip	rom_name_not_in_api
fc	Gekitou Stadium!! (Japan).zip	rom_name_not_in_api
fc	Godzilla (Japan).zip	rom_name_not_in_api
fc	Golf (Japan).zip	rom_name_not_in_api
fc	Golgo 13 - Dai 1 Shou - Kamigami no Tasogare (Japan).zip	rom_name_not_in_api
fc	Golgo 13 - Dainishou - Icarus no Nazo (Japan).zip	rom_name_not_in_api
fc	Gomoku Narabe Renju (Japan).zip	rom_name_not_in_api
fc	Goonies (Japan) (En).zip	rom_name_not_in_api
fc	Gorby no Pipeline Daisakusen (Japan) (En).zip	rom_name_not_in_api
fc	Grand Master (Japan).zip	rom_name_not_in_api
fc	Great Battle Cyber (Japan).zip	rom_name_not_in_api
fc	Great Tank (Japan).zip	rom_name_not_in_api
fc	Gun Nac (Japan).zip	rom_name_not_in_api
fc	Gun-Dec (Japan).zip	rom_name_not_in_api
fc	Gunhed - Aratanaru Tatakai (Japan).zip	rom_name_not_in_api
fc	Gyrodine (Japan) (En).zip	rom_name_not_in_api
fc	Hana no Star Kaidou (Japan) (En).zip	rom_name_not_in_api
fc	Hanjuku Hero (Japan).zip	rom_name_not_in_api
fc	Heavy Barrel (Japan) (En).zip	rom_name_not_in_api
fc	Hebereke (Japan).zip	rom_name_not_in_api
fc	Hector '87 (Japan) (En).zip	rom_name_not_in_api
fc	Heisei Tensai Bakabon (Japan).zip	rom_name_not_in_api
fc	Hello Kitty World (Japan).zip	rom_name_not_in_api
fc	Hello Kitty no Ohanabatake (Japan).zip	rom_name_not_in_api
fc	Heracles no Eikou II - Titan no Metsubou (Japan).zip	rom_name_not_in_api
fc	Herakles no Eikou - Toujin Makyou Den (Japan).zip	rom_name_not_in_api
fc	Hi no Tori - Houou Hen - Gaou no Bouken (Japan).zip	rom_name_not_in_api
fc	Higemaru - Makai-jima - Nanatsu no Shima Daibouken (Japan) (Retro-Bit Generations).zip	rom_name_not_in_api
fc	Highway Star (Japan) (En) (Famicom 3D System).zip	rom_name_not_in_api
fc	Hikari no Senshi Foton - The Ultimate Game on Planet Earth (Japan).zip	rom_name_not_in_api
fc	Hiryuu no Ken - Ougi no Sho (Japan).zip	rom_name_not_in_api
fc	Hiryuu no Ken III - 5 Nin no Dragon (Japan).zip	rom_name_not_in_api
fc	Hogan's Alley (World).zip	rom_name_not_in_api
fc	Hokkaidou Rensa Satsujin - Okhotsk ni Kiyu (Japan).zip	rom_name_not_in_api
fc	Hokuto no Ken 2 (Japan).zip	rom_name_not_in_api
fc	Hokuto no Ken 3 - Shin Seiki Souzou Seiken Retsuden (Japan).zip	rom_name_not_in_api
fc	Hokuto no Ken 4 - Shichisei Haken Den - Hokuto Shinken no Kanata e (Japan).zip	rom_name_not_in_api
fc	Holy Diver (Japan) (En).zip	rom_name_not_in_api
fc	Honoo no Toukyuuji - Dodge Danpei (Japan).zip	rom_name_not_in_api
fc	Honoo no Toukyuuji - Dodge Danpei 2 (Japan).zip	rom_name_not_in_api
fc	Hoshi o Miru Hito (Japan).zip	rom_name_not_in_api
fc	Hottarman no Chitei Tanken (Japan).zip	rom_name_not_in_api
fc	Hudson Hawk (Japan).zip	rom_name_not_in_api
fc	Hyakkiyagyou (Japan).zip	rom_name_not_in_api
fc	Hyokkori Hyoutan-jima - Nazo no Kaizokusen (Japan).zip	rom_name_not_in_api
fc	Hyper Olympic (Japan) (En).zip	rom_name_not_in_api
fc	Igo - Kyuu Roban Taikyoku (Japan).zip	rom_name_not_in_api
fc	Igo Shinan '91 (Japan).zip	rom_name_not_in_api
fc	Igo Shinan '92 (Japan).zip	rom_name_not_in_api
fc	Igo Shinan '93 (Japan).zip	rom_name_not_in_api
fc	Igo Shinan '94 (Japan).zip	rom_name_not_in_api
fc	Igo Shinan (Japan).zip	rom_name_not_in_api
fc	Ikari (Japan) (En).zip	rom_name_not_in_api
fc	Ikari II - Dogosoken (Japan).zip	rom_name_not_in_api
fc	Ike Ike! Nekketsu Hockey-bu - Subette Koronde Dairantou (Japan).zip	rom_name_not_in_api
fc	Ikinari Musician (Japan) (En).zip	rom_name_not_in_api
fc	Ikki (Japan) (En).zip	rom_name_not_in_api
fc	Insector X (Japan).zip	rom_name_not_in_api
fc	Itadaki Street - Watashi no Omise ni Yottette (Japan).zip	rom_name_not_in_api
fc	J.League Super Top Players (Japan) (Datach).zip	rom_name_not_in_api
fc	JJ - Tobidase Daisakusen Part 2 (Japan).zip	rom_name_not_in_api
fc	Jajamaru no Daibouken (Japan).zip	rom_name_not_in_api
fc	Jumpin' Kid - Jack to Mame no Ki Monogatari (Japan) (En).zip	rom_name_not_in_api
fc	Juuouki (Japan) (En).zip	rom_name_not_in_api
fc	Juuryoku Soukou Metal Storm (Japan).zip	rom_name_not_in_api
fc	Juvei Quest (Japan) (Rev 1).zip	rom_name_not_in_api
fc	Kage (Japan).zip	rom_name_not_in_api
fc	Kaiketsu Yanchamaru 3 - Taiketsu! Zouringen (Japan).zip	rom_name_not_in_api
fc	Kakefu-kun no Jump Tengoku - Speed Jigoku (Japan).zip	rom_name_not_in_api
fc	Kame no Ongaeshi - Urashima Densetsu (Japan).zip	rom_name_not_in_api
fc	Kamen Rider SD - Granshocker no Yabou (Japan).zip	rom_name_not_in_api
fc	Karakuri Kengou Den Musashi Lord - Karakuribito Hashiru (Japan).zip	rom_name_not_in_api
fc	Karaoke Studio Senyou Cassette - Top Hit 20 Vol. 1 (Japan).zip	rom_name_not_in_api
fc	Karaoke Studio Senyou Cassette - Top Hit 20 Vol. 2 (Japan).zip	rom_name_not_in_api
fc	Karateka (Japan) (En).zip	rom_name_not_in_api
fc	Kawa no Nushi Tsuri (Japan).zip	rom_name_not_in_api
fc	Kekkyoku Nankyoku Daibouken (Japan).zip	rom_name_not_in_api
fc	Kero Kero Keroppi no Daibouken 2 - Donuts Ike wa Oosawagi!! (Japan).zip	rom_name_not_in_api
fc	Keroppi to Keroriinu no Splash Bomb! (Japan).zip	rom_name_not_in_api
fc	Ki no Bouken - The Quest of Ki (Japan).zip	rom_name_not_in_api
fc	Kidou Senshi Z Gundam - Hot Scramble (Japan).zip	rom_name_not_in_api
fc	King Kong 2 - Ikari no Megaton Punch (Japan).zip	rom_name_not_in_api
fc	Kinnikuman - Muscle Tag Match (Japan) (Rev 1).zip	rom_name_not_in_api
fc	Konami Wai Wai World (Japan).zip	rom_name_not_in_api
fc	Kujaku Ou (Japan).zip	rom_name_not_in_api
fc	Kujaku Ou II (Japan).zip	rom_name_not_in_api
fc	Kung Fu (Japan, USA) (En).zip	rom_name_not_in_api
fc	Kyonshiizu 2 (Japan).zip	rom_name_not_in_api
fc	Kyoto Hana no Misshitsu Satsujin Jiken (Japan).zip	rom_name_not_in_api
fc	Kyoto Ryuu no Tera Satsujin Jiken (Japan).zip	rom_name_not_in_api
fc	Kyouryuu Sentai Zyuranger (Japan).zip	rom_name_not_in_api
fc	Kyuukyoku Harikiri Stadium - '88 Senshu Shin Data Version (Japan).zip	rom_name_not_in_api
fc	Kyuukyoku Harikiri Stadium - Heisei Gannen Han (Japan).zip	rom_name_not_in_api
fc	Kyuukyoku Harikiri Stadium 3 (Japan).zip	rom_name_not_in_api
fc	Kyuukyoku Tiger (Japan).zip	rom_name_not_in_api
fc	Labyrinth (Japan).zip	rom_name_not_in_api
fc	Lagrange Point (Japan).zip	rom_name_not_in_api
fc	Lasalle Ishii no Child's Quest (Japan).zip	rom_name_not_in_api
fc	Layla (Japan).zip	rom_name_not_in_api
fc	Lipple Island (Japan).zip	rom_name_not_in_api
fc	Lode Runner (Japan).zip	rom_name_not_in_api
fc	Lost Word of Jenny - Ushinawareta Message (Japan).zip	rom_name_not_in_api
fc	Lunar Ball (Japan).zip	rom_name_not_in_api
fc	Lupin Sansei - Pandora no Isan (Japan).zip	rom_name_not_in_api
fc	Mach Rider (Japan, USA) (En).zip	rom_name_not_in_api
fc	Madoola no Tsubasa (Japan).zip	rom_name_not_in_api
fc	Magical Kid's Doropie (Japan).zip	rom_name_not_in_api
fc	Magical Taruruuto-kun - Fantastic World!! (Japan) (Rev 1).zip	rom_name_not_in_api
fc	Magmax (Japan).zip	rom_name_not_in_api
fc	Maharaja (Japan).zip	rom_name_not_in_api
fc	Mahjong (Japan) (Rev B).zip	rom_name_not_in_api
fc	Mahjong RPG Dora Dora Dora (Japan).zip	rom_name_not_in_api
fc	Maison Ikkoku (Japan).zip	rom_name_not_in_api
fc	Majaventure - Mahjong Senki (Japan).zip	rom_name_not_in_api
fc	Majou Densetsu 2 - Daimashikyou Galious (Japan).zip	rom_name_not_in_api
fc	Mappy (Japan) (En).zip	rom_name_not_in_api
fc	Mappy-Land (Japan).zip	rom_name_not_in_api
fc	Mario Bros. (Japan).zip	rom_name_not_in_api
fc	Mashin Eiyuuden Wataru Gaiden (Japan).zip	rom_name_not_in_api
fc	Masuzoe Youichi - Asa Made Famicom (Japan).zip	rom_name_not_in_api
fc	Matsumoto Tooru no Kabushiki Hisshou Gaku (Japan).zip	rom_name_not_in_api
fc	Matsumoto Tooru no Kabushiki Hisshou Gaku - Part II (Japan).zip	rom_name_not_in_api
fc	Meikyuu Kumikyoku (Japan).zip	rom_name_not_in_api
fc	Meikyuu-jima (Japan).zip	rom_name_not_in_api
fc	Metro-Cross (Japan).zip	rom_name_not_in_api
fc	Mickey Mouse (Japan).zip	rom_name_not_in_api
fc	Mickey Mouse III - Yume Fuusen (Japan).zip	rom_name_not_in_api
fc	Minelvaton Saga - Ragon no Fukkatsu (Japan).zip	rom_name_not_in_api
fc	Mini-Putt (Japan).zip	rom_name_not_in_api
fc	Miracle Ropit's - 2100 Nen no Daibouken (Japan).zip	rom_name_not_in_api
fc	Mississippi Satsujin Jiken (Japan) (Rev 1).zip	rom_name_not_in_api
fc	Mito Koumon - Sekai Manyuu Ki (Japan).zip	rom_name_not_in_api
fc	Moai-kun (Japan).zip	rom_name_not_in_api
fc	Moero TwinBee - Cinnamon Hakase o Sukue! (Japan).zip	rom_name_not_in_api
fc	Moero!! Juudou Warriors (Japan).zip	rom_name_not_in_api
fc	Momotarou Densetsu (Japan).zip	rom_name_not_in_api
fc	Momotarou Dentetsu (Japan).zip	rom_name_not_in_api
fc	Money Game II, The - Kabutochou no Kiseki (Japan).zip	rom_name_not_in_api
fc	Mottomo Abunai Deka (Japan).zip	rom_name_not_in_api
fc	Moulin Rouge Senki - Melville no Honoo (Japan).zip	rom_name_not_in_api
fc	Mugen Senshi Valis (Japan).zip	rom_name_not_in_api
fc	Murder Club - Honkaku Mystery Adventure (Japan).zip	rom_name_not_in_api
fc	Musashi no Ken - Tadaima Shugyou Chuu (Japan).zip	rom_name_not_in_api
fc	Nagagutsu wo Haita Neko - Sekai Isshuu 80 Nichi Daibouken (Japan).zip	rom_name_not_in_api
fc	Namco Classic II (Japan).zip	rom_name_not_in_api
fc	Nangoku Shirei!! - Spy vs Spy (Japan).zip	rom_name_not_in_api
fc	Navy Blue (Japan).zip	rom_name_not_in_api
fc	Nekketsu Kakutou Densetsu (Japan).zip	rom_name_not_in_api
fc	Nekketsu Kouha Kunio-kun (Japan).zip	rom_name_not_in_api
fc	Nekketsu! Street Basket - Ganbare Dunk Heroes (Japan).zip	rom_name_not_in_api
fc	Ninja Crusaders - Ryuuga (Japan).zip	rom_name_not_in_api
fc	Ninja Hattori-kun - Ninja wa Syugyou de Gozaru no Maki (Japan).zip	rom_name_not_in_api
fc	Ninja Ryuuken Den (Japan).zip	rom_name_not_in_api
fc	Ninja Ryuuken Den II - Ankoku no Jashin Ken (Japan).zip	rom_name_not_in_api
fc	Ninja Ryuuken Den III - Yomi no Hakobune (Japan).zip	rom_name_not_in_api
fc	Ninja-kun - Ashura no Shou (Japan).zip	rom_name_not_in_api
fc	Ninja-kun - Majou no Bouken (Japan) (Rev 1).zip	rom_name_not_in_api
fc	Nobunaga no Yabou - Zenkoku Han (Japan).zip	rom_name_not_in_api
fc	Nuts & Milk (Japan) (En).zip	rom_name_not_in_api
fc	Oishinbo - Kyuukyoku no Menu Sanbon Shoubu (Japan).zip	rom_name_not_in_api
fc	Onyanko Town (Japan).zip	rom_name_not_in_api
fc	Osomatsu-kun - Back to the Me no Deppa no Maki (Japan).zip	rom_name_not_in_api
fc	Outlanders (Japan).zip	rom_name_not_in_api
fc	Over Horizon (Japan) (En).zip	rom_name_not_in_api
fc	Pac-Land (Japan).zip	rom_name_not_in_api
fc	Pac-Man (Japan).zip	rom_name_not_in_api
fc	Pachicom (Japan).zip	rom_name_not_in_api
fc	Pajama Hero - Nemo (Japan).zip	rom_name_not_in_api
fc	Palamedes (Japan).zip	rom_name_not_in_api
fc	Palamedes II - Star Twinkle, Hoshi no Mabataki (Japan).zip	rom_name_not_in_api
fc	Parallel World (Japan).zip	rom_name_not_in_api
fc	Penguin-kun Wars (Japan).zip	rom_name_not_in_api
fc	Perfect Bowling (Japan).zip	rom_name_not_in_api
fc	Perman (Japan).zip	rom_name_not_in_api
fc	Perman Part 2 - Himitsu Kessha Madoodan o Taose! (Japan).zip	rom_name_not_in_api
fc	Plasma Ball (Japan).zip	rom_name_not_in_api
fc	Pocket Zaurus - Juu Ouken no Nazo (Japan).zip	rom_name_not_in_api
fc	Popeye (Japan).zip	rom_name_not_in_api
fc	Power Soccer (Japan).zip	rom_name_not_in_api
fc	Puzznic (Japan).zip	rom_name_not_in_api
fc	Pyokotan no Daimeiro (Japan).zip	rom_name_not_in_api
fc	Quarth (Japan) (En).zip	rom_name_not_in_api
fc	Raid on Bungeling Bay (Japan) (En) (Rev 1).zip	rom_name_not_in_api
fc	Red Arremer II (Japan).zip	rom_name_not_in_api
fc	Rockman (Japan) (En).zip	rom_name_not_in_api
fc	Rockman 6 - Shijou Saidai no Tatakai!! (Japan).zip	rom_name_not_in_api
fc	Rough World (Japan).zip	rom_name_not_in_api
fc	Route-16 Turbo (Japan).zip	rom_name_not_in_api
fc	SD Gundam - Gundam Wars (Japan) (Datach).zip	rom_name_not_in_api
fc	SD Gundam Gaiden - Knight Gundam Monogatari 2 - Hikari no Knight (Japan).zip	rom_name_not_in_api
fc	SD Hero Soukessen - Taose! Aku no Gundan (Japan).zip	rom_name_not_in_api
fc	SD Keiji - Blader (Japan).zip	rom_name_not_in_api
fc	Saiyuuki World 2 - Tenjoukai no Majin (Japan).zip	rom_name_not_in_api
fc	Salad no Kuni no Tomato Hime (Japan).zip	rom_name_not_in_api
fc	Salamander (Japan).zip	rom_name_not_in_api
fc	Samsara Naga (Japan).zip	rom_name_not_in_api
fc	Sangokushi II - Haou no Tairiku (Japan).zip	rom_name_not_in_api
fc	Sanrio Carnival (Japan).zip	rom_name_not_in_api
fc	Sanrio Carnival 2 (Japan).zip	rom_name_not_in_api
fc	Sanrio Cup - Pon Pon Volley (Japan).zip	rom_name_not_in_api
fc	Sansuu 3 Nen - Keisan Game (Japan).zip	rom_name_not_in_api
fc	Satomi Hakkenden (Japan).zip	rom_name_not_in_api
fc	Satsui no Kaisou - Soft House Renzoku Satsujin Jiken (Japan).zip	rom_name_not_in_api
fc	Seikima II - Akuma no Gyakushuu! (Japan).zip	rom_name_not_in_api
fc	Shanghai II (Japan).zip	rom_name_not_in_api
fc	Shikinjou (Japan).zip	rom_name_not_in_api
fc	Shin Jinrui - The New Type (Japan).zip	rom_name_not_in_api
fc	Shinsenden (Japan).zip	rom_name_not_in_api
fc	Shogun (Japan).zip	rom_name_not_in_api
fc	Shounen Ashibe - Nepal Daibouken no Maki (Japan).zip	rom_name_not_in_api
fc	Shuffle Fight (Japan).zip	rom_name_not_in_api
fc	Silva Saga (Japan).zip	rom_name_not_in_api
fc	Sky Destroyer (Japan).zip	rom_name_not_in_api
fc	Sky Kid (Japan) (En).zip	rom_name_not_in_api
fc	Soccer (Japan, USA) (En).zip	rom_name_not_in_api
fc	Son Son (Japan) (En).zip	rom_name_not_in_api
fc	Soreike! Anpanman - Minna de Hiking Game! (Japan).zip	rom_name_not_in_api
fc	Space Harrier (Japan).zip	rom_name_not_in_api
fc	Space Hunter (Japan).zip	rom_name_not_in_api
fc	Spartan X (Japan) (En).zip	rom_name_not_in_api
fc	Spelunker 2 - Yuusha heno Chousen (Japan).zip	rom_name_not_in_api
fc	Splatterhouse - Wanpaku Graffiti (Japan).zip	rom_name_not_in_api
fc	Star Force (Japan).zip	rom_name_not_in_api
fc	Star Luster (Japan).zip	rom_name_not_in_api
fc	Star Wars - The Empire Strikes Back (Japan).zip	rom_name_not_in_api
fc	Stick Hunter - Exciting Ice Hockey (Japan).zip	rom_name_not_in_api
fc	Sukeban Deka 3 (Japan).zip	rom_name_not_in_api
fc	Summer Carnival '92 - Recca (Japan) (En).zip	rom_name_not_in_api
fc	Super Arabian (Japan) (En).zip	rom_name_not_in_api
fc	Super Chinese (Japan).zip	rom_name_not_in_api
fc	Super Dyna'mix Badminton (Japan).zip	rom_name_not_in_api
fc	Super Mario Bros. (Japan).zip	rom_name_not_in_api
fc	Super Mogura Tataki!! - Pokkun Moguraa (Japan).zip	rom_name_not_in_api
fc	Super Pitfall (Japan).zip	rom_name_not_in_api
fc	TM Network - Live in Power Bowl (Japan).zip	rom_name_not_in_api
fc	Tag Team Pro-Wrestling (Japan).zip	rom_name_not_in_api
fc	Taito Chase H.Q. (Japan).zip	rom_name_not_in_api
fc	Taiyou no Shinden (Japan).zip	rom_name_not_in_api
fc	Taiyou no Yuusha - Fighbird (Japan).zip	rom_name_not_in_api
fc	Taiyou no Yuusha Firebird (Japan).zip	rom_name_not_in_api
fc	Takahashi Meijin no Bouken-jima IV (Japan).zip	rom_name_not_in_api
fc	Tanigawa Kouji no Shougi Shinan II (Japan).zip	rom_name_not_in_api
fc	Tanigawa Kouji no Shougi Shinan III (Japan).zip	rom_name_not_in_api
fc	Tantei Jinguuji Saburou - Toki no Sugiyuku Mama ni (Japan).zip	rom_name_not_in_api
fc	Tao (Japan).zip	rom_name_not_in_api
fc	Tashiro Masashi no Princess ga Ippai (Japan).zip	rom_name_not_in_api
fc	Tatakae! Chou Robot Seimeitai Transformers - Convoy no Nazo (Japan).zip	rom_name_not_in_api
fc	Tatakae!! Rahmen Man - Sakuretsu Choujin 102 Gei (Japan).zip	rom_name_not_in_api
fc	Tatakai no Banka (Japan).zip	rom_name_not_in_api
fc	Tenchi o Kurau (Japan).zip	rom_name_not_in_api
fc	Tenchi wo Kurau II - Shokatsu Koumei Den (Japan).zip	rom_name_not_in_api
fc	Terra Cresta (Japan).zip	rom_name_not_in_api
fc	Tetris 2 + Bombliss (Japan) (En) (Rev 1).zip	rom_name_not_in_api
fc	Tetsudou Ou - Famicom Boardgame (Japan).zip	rom_name_not_in_api
fc	Tetsuwan Atom (Japan).zip	rom_name_not_in_api
fc	Thexder (Japan) (En).zip	rom_name_not_in_api
fc	Times of Lore (Japan).zip	rom_name_not_in_api
fc	Tiny Toon Adventures (Japan).zip	rom_name_not_in_api
fc	Tiny Toon Adventures 2 - Montana Land e Youkoso (Japan).zip	rom_name_not_in_api
fc	Titan (Japan).zip	rom_name_not_in_api
fc	Toki no Tabibito - Time Stranger (Japan).zip	rom_name_not_in_api
fc	Tokoro-san no Mamoru mo Semeru mo (Japan).zip	rom_name_not_in_api
fc	Tom & Jerry (Japan).zip	rom_name_not_in_api
fc	Tom Sawyer no Bouken (Japan).zip	rom_name_not_in_api
fc	Top Striker (Japan).zip	rom_name_not_in_api
fc	Totsuzen! Macchoman (Japan).zip	rom_name_not_in_api
fc	Twin Eagle (Japan) (En).zip	rom_name_not_in_api
fc	USA Ice Hockey in FC (Japan).zip	rom_name_not_in_api
fc	Ultima - Kyoufu no Exodus (Japan).zip	rom_name_not_in_api
fc	Ultima - Seija e no Michi (Japan).zip	rom_name_not_in_api
fc	Ultraman Club - Supokon Fight! (Japan) (Datach).zip	rom_name_not_in_api
fc	Ultraman Club 2 - Kaettekita Ultraman Club (Japan).zip	rom_name_not_in_api
fc	Ultraman Club 3 - Matamata Shutsugeki!! Ultra Kyoudai (Japan).zip	rom_name_not_in_api
fc	Ushio to Tora - Shinen no Taiyou (Japan).zip	rom_name_not_in_api
fc	Utsurun Desu. - Kawauso Hawaii e Iku (Japan).zip	rom_name_not_in_api
fc	Vegas Connection - Casino kara Ai o Komete (Japan).zip	rom_name_not_in_api
fc	Venus Senki - Back the City (Japan).zip	rom_name_not_in_api
fc	Viva! Las Vegas (Japan).zip	rom_name_not_in_api
fc	Volguard II (Japan) (En).zip	rom_name_not_in_api
fc	Volleyball (Japan) (FamicomBox).zip	rom_name_not_in_api
fc	Wagyan Land 2 (Japan).zip	rom_name_not_in_api
fc	Wai Wai World 2 - SOS!! Parsley Jou (Japan).zip	rom_name_not_in_api
fc	Wanpaku Kokkun no Gourmet World (Japan).zip	rom_name_not_in_api
fc	Warpman (Japan) (En).zip	rom_name_not_in_api
fc	White Lion Densetsu - Pyramid no Kanata ni (Japan).zip	rom_name_not_in_api
fc	Wily & Right no Rockboard - That's Paradise (Japan).zip	rom_name_not_in_api
fc	Wizardry (Japan).zip	rom_name_not_in_api
fc	Wizardry - Legacy of Llylgamyn (Japan).zip	rom_name_not_in_api
fc	Woody Poko (Japan).zip	rom_name_not_in_api
fc	World Grand-Prix - Pole to Finish (Japan).zip	rom_name_not_in_api
fc	Xevious (Japan) (En).zip	rom_name_not_in_api
fc	Yamamura Misa Suspense Series - Kyoto Zai-Tech Satsujin Jiken (Japan).zip	rom_name_not_in_api
fc	Yie Ar Kung-Fu (Japan) (En) (Rev 1.4).zip	rom_name_not_in_api
fc	Youkai Club (Japan).zip	rom_name_not_in_api
fc	Yousei Monogatari - Rod Land (Japan).zip	rom_name_not_in_api
fc	Yu Yu Hakusho - Bakutou Ankoku Bujutsukai (Japan) (Datach).zip	rom_name_not_in_api
fc	Zoids 2 - Zenebas no Gyakushuu (Japan).zip	rom_name_not_in_api
sfc	Acrobat Mission (Japan) (En).zip	rom_name_not_in_api
sfc	Aero Fighters (USA).zip	rom_name_not_in_api
sfc	Amazing Spider-Man, The - Lethal Foes (Japan).zip	rom_name_not_in_api
sfc	Appleseed - Prometheus no Shintaku (Japan).zip	rom_name_not_in_api
sfc	Arcus Spirits (Japan).zip	rom_name_not_in_api
sfc	Aretha (Japan).zip	rom_name_not_in_api
sfc	Axelay (Japan).zip	rom_name_not_in_api
sfc	Bahamut Lagoon (Japan).zip	rom_name_not_in_api
sfc	Battle Robot Retsuden (Japan).zip	rom_name_not_in_api
sfc	Battle Submarine (Japan).zip	rom_name_not_in_api
sfc	Battle Tycoon - Flash Hiders SFX (Japan) (Rev 1).zip	rom_name_not_in_api
sfc	Bishoujo Senshi Sailor Moon Sailor Stars - Fuwafuwa Panic 2 (Japan).zip	rom_name_not_in_api
sfc	Bomberman B-Daman (Japan).zip	rom_name_not_in_api
sfc	Chrono Trigger (Japan).zip	rom_name_not_in_api
sfc	Crayon Shin-chan - Nagagutsu Dobon!! (Japan).zip	rom_name_not_in_api
sfc	Cyborg 009 (Japan).zip	rom_name_not_in_api
sfc	Dark Half (Japan).zip	rom_name_not_in_api
sfc	Dark Kingdom (Japan).zip	rom_name_not_in_api
sfc	Doraemon 4 - Nobita to Tsuki no Oukoku (Japan).zip	rom_name_not_in_api
sfc	Energy Breaker (Japan).zip	rom_name_not_in_api
sfc	F-1 Grand Prix (Japan).zip	rom_name_not_in_api
sfc	F-1 Grand Prix - Part III (Japan).zip	rom_name_not_in_api
sfc	Final Fight 2 (USA).zip	rom_name_not_in_api
sfc	Finalset (Japan) (En).zip	rom_name_not_in_api
sfc	Front Mission - Gun Hazard (Japan) (VC).zip	rom_name_not_in_api
sfc	Front Mission Series - Gun Hazard (Japan).zip	rom_name_not_in_api
sfc	Fushigi no Dungeon.zip	rom_name_not_in_api
sfc	Galaxy Wars (Japan) (En).zip	rom_name_not_in_api
sfc	Ganbare Goemon 2 - Kiteretsu Shougun Magginesu (Japan) (VC).zip	rom_name_not_in_api
sfc	Ganbare Goemon 3 - Shishi Juurokubee no Karakuri Manjigatame (Japan).zip	rom_name_not_in_api
sfc	Ganbare Goemon Kirakira Douchuu - Boku ga Dancer ni Natta Wake (Japan).zip	rom_name_not_in_api
sfc	Gegege no Kitarou - Youkai Donjara (Japan).zip	rom_name_not_in_api
sfc	Gekisou Sentai Carranger - Zenkai! Racer Senshi (Japan).zip	rom_name_not_in_api
sfc	Ghost Chaser Densei (Japan).zip	rom_name_not_in_api
sfc	Great Battle Gaiden 2, The - Matsuri da Wasshoi (Japan).zip	rom_name_not_in_api
sfc	Great Battle IV, The (Japan).zip	rom_name_not_in_api
sfc	Great Battle V, The (Japan).zip	rom_name_not_in_api
sfc	Heiwa Pachinko World 3 (Japan).zip	rom_name_not_in_api
sfc	Illusion of Gaia (USA).zip	rom_name_not_in_api
sfc	Kamen Rider (Japan).zip	rom_name_not_in_api
sfc	Karura Ou (Japan).zip	rom_name_not_in_api
sfc	Magical Drop 2 (Japan).zip	rom_name_not_in_api
sfc	Magical Drop 2 - Bunka Housou Special Version (Japan).zip	rom_name_not_in_api
sfc	Mazinger Z (Japan).zip	rom_name_not_in_api
sfc	Metal Max 2 (Japan).zip	rom_name_not_in_api
sfc	Mickey to Donald - Magical Adventure 3 (Japan).zip	rom_name_not_in_api
sfc	Monopoly Game 2, The (Japan).zip	rom_name_not_in_api
sfc	Nintama Rantarou (Japan).zip	rom_name_not_in_api
sfc	Poi Poi Ninja World (Japan).zip	rom_name_not_in_api
sfc	Popeye - Ijiwaru Majo Sea Hag no Maki (Japan).zip	rom_name_not_in_api
sfc	Rendering Ranger R2 (Japan) (En).zip	rom_name_not_in_api
sfc	Rival Turf.zip	rom_name_not_in_api
sfc	Rockman & Forte (Japan).zip	rom_name_not_in_api
sfc	Rushing Beat Ran - Fukusei Toshi (Japan).zip	rom_name_not_in_api
sfc	SD Gundam G Next (Japan).zip	rom_name_not_in_api
sfc	SD Gundam G Next - Data Pack 2 (Japan).zip	rom_name_not_in_api
sfc	SD Gundam Generation - Axis Senki (Japan).zip	rom_name_not_in_api
sfc	SD Gundam Generation - Colony Kakutouki (Japan).zip	rom_name_not_in_api
sfc	SD Gundam Generation - Gryps Senki (Japan).zip	rom_name_not_in_api
sfc	SD Gundam Generation - Ichinen Sensouki (Japan).zip	rom_name_not_in_api
sfc	SD Gundam Generation - Zanscare Senki (Japan).zip	rom_name_not_in_api
sfc	SD Ultra Battle - Ultraman Densetsu (Japan).zip	rom_name_not_in_api
sfc	Same Game + Tengai Makyou Zero Jikei (Japan).zip	rom_name_not_in_api
sfc	Same Game + Tengai Makyou Zero Jikei - Data Pack (Japan).zip	rom_name_not_in_api
sfc	Slam Dunk.zip	rom_name_not_in_api
sfc	Snoopy Concert (Japan).zip	rom_name_not_in_api
sfc	Sonic Blast Man II Special Turbo (Japan) (Arcade Bootleg).zip	rom_name_not_in_api
sfc	Soul Blazer (USA).zip	rom_name_not_in_api
sfc	Super Bomberman - Panic Bomber World (Japan).zip	rom_name_not_in_api
sfc	Super Bomberman 2 - Caravan You Taikenban (Japan).zip	rom_name_not_in_api
sfc	Super Bomberman 5 - Caravan Event Ban (Japan).zip	rom_name_not_in_api
sfc	Super Bombliss (Japan) (En).zip	rom_name_not_in_api
sfc	Super Boss Gaiden (World) (v1.2).zip	rom_name_not_in_api
sfc	Super Famicom Box 4S Attraction (Japan).zip	rom_name_not_in_api
sfc	Super Famista 5 (Japan).zip	rom_name_not_in_api
sfc	Super Fire Pro Wrestling III - Final Bout (Japan).zip	rom_name_not_in_api
sfc	Super Fire Pro Wrestling X Premium.zip	rom_name_not_in_api
sfc	Super Genjin 2 (Japan).zip	rom_name_not_in_api
sfc	Super Metroid (Japan) (En,Ja) (Virtual Console, Switch Online).zip	rom_name_not_in_api
sfc	Super Robot Taisen EX (Japan).zip	rom_name_not_in_api
sfc	Tsuri Tarou (Japan).zip	rom_name_not_in_api
sfc	Undercover Cops (Japan).zip	rom_name_not_in_api
pce	- Counter Attack (Japan).zip	rom_name_not_in_api
pce	[BIOS] CD-ROM System (Japan) (v1.0).pce	rom_name_not_in_api
pce	[BIOS] Games Express CD Card (Japan).pce	rom_name_not_in_api
pce	[BIOS] Super CD-ROM System (Japan) (v3.0).pce	rom_name_not_in_api
pce	syscard3.pce	rom_name_not_in_api
pce	Aldynes - The Misson Code for Rage Crisis (Japan).zip	rom_name_not_in_api
pce	Dai Makai-Mura.zip	rom_name_not_in_api
pce	Daimakaimura (Japan).zip	rom_name_not_in_api
pce	Flying Trooper X-SERD Hisou Kihei (Japan) T+Eng v1 Nebulous.zip	rom_name_not_in_api
pce	Gomola Speed (Japan) (En).zip	rom_name_not_in_api
pce	Madou King Granzort (Japan).zip	rom_name_not_in_api
pce	Youkai Douchuuki (Japan).zip	rom_name_not_in_api
ps1	scph5501.bin	rom_name_not_in_api
ps1	Addie no Okurimono - To Moze from Addie (Japan).chd	rom_name_not_in_api
ps1	Aquanaut no Kyuujitsu (Japan).chd	rom_name_not_in_api
ps1	Aquanaut no Kyuujitsu 2 (Japan).chd	rom_name_not_in_api
ps1	Asonde AIUEO (Japan).chd	rom_name_not_in_api
ps1	Bishi Bashi Special 3 - Step Champ (Japan).chd	rom_name_not_in_api
ps1	Bokujou Monogatari - Harvest Moon (Japan).chd	rom_name_not_in_api
ps1	Brightis (Japan).chd	rom_name_not_in_api
ps1	CG Mukashi Banashi - Jiisan 2-do Bikkuri!! (Japan).chd	rom_name_not_in_api
ps1	Chippoke Ralph no Daibouken - The Adventure of Little Ralph (Japan).chd	rom_name_not_in_api
ps1	Classic Road (Japan).chd	rom_name_not_in_api
ps1	Clock Tower - The First Fear (Japan).chd	rom_name_not_in_api
ps1	Conveni Special, The - Mitsu no Sekai o Dokusen seyo (Japan).chd	rom_name_not_in_api
ps1	Cotton 100% (Japan).chd	rom_name_not_in_api
ps1	Cowboy Bebop (Japan).chd	rom_name_not_in_api
ps1	Crash Bandicoot Racing (Japan).chd	rom_name_not_in_api
ps1	Crazy Climber 2000 (Japan).chd	rom_name_not_in_api
ps1	Daibouken Deluxe - Haruka naru Umi (Japan).chd	rom_name_not_in_api
ps1	Daikoukai Jidai Gaiden (Japan).chd	rom_name_not_in_api
ps1	Daikoukai Jidai II (Japan).chd	rom_name_not_in_api
ps1	Daisenryaku - Player's Spirit (Japan).chd	rom_name_not_in_api
ps1	Dice de Chocobo (Japan).chd	rom_name_not_in_api
ps1	Digital Ehon Vol. 2 - Imadoki no Kaguya-hime (Japan).chd	rom_name_not_in_api
ps1	Digital Ehon Vol. 3 - Imadoki no Saru Kani (Japan).chd	rom_name_not_in_api
ps1	Digital Ehon Vol. 4 - Imadoki no Hanasaka Jiisan (Japan).chd	rom_name_not_in_api
ps1	Digital Ehon Vol. 5 - Imadoki no Urashima-tarou (Japan).chd	rom_name_not_in_api
ps1	Dokapon! Ikari no Tekken (Japan).chd	rom_name_not_in_api
ps1	Dragon Ball Z - Idainaru Dragon Ball Densetsu (Japan).chd	rom_name_not_in_api
ps1	Dragon Money (Japan).chd	rom_name_not_in_api
ps1	Druid - Yami e no Tsuisekisha (Japan).chd	rom_name_not_in_api
ps1	Elder Gate (Japan).chd	rom_name_not_in_api
ps1	Gaia Seed - Project Seed Trap (Japan).chd	rom_name_not_in_api
ps1	Gallop Racer (Japan).chd	rom_name_not_in_api
ps1	Gallop Racer 2000 (Japan).chd	rom_name_not_in_api
ps1	Gallop Racer 3 (Japan).chd	rom_name_not_in_api
ps1	Game de Hajimeru TOEIC Test - Mazu wa Nyuumon-hen 1500 (Japan).chd	rom_name_not_in_api
ps1	Genghis Khan - Aoki Ookami to Shiroki Mejika IV (Japan).chd	rom_name_not_in_api
ps1	Gotouchi Hello Kitty Sugoroku Monogatari (Japan).chd	rom_name_not_in_api
ps1	Gunbalina (Japan).chd	rom_name_not_in_api
ps1	Hokuto no Ken - Seikimatsu Kyuuseishu Densetsu (Japan).chd	rom_name_not_in_api
ps1	Honkaku Hanafuda (Japan).chd	rom_name_not_in_api
ps1	Hyper Olympic in Atlanta (Japan).chd	rom_name_not_in_api
ps1	Jouki Kikansha Unten Simulation - SL de Ikou! II (Japan).chd	rom_name_not_in_api
ps1	Kids Station - Crayon Shin-chan - Ora to Omoide Tsukuru zo! (Japan).chd	rom_name_not_in_api
ps1	Kids Station - Hello Kitty no Ouchi e Oide yo! (Japan).chd	rom_name_not_in_api
ps1	Kinniku Banzuke - Road to Sasuke (Japan).chd	rom_name_not_in_api
ps1	Kouryuu Sangoku Engi (Japan).chd	rom_name_not_in_api
ps1	Kowloon-jou (Japan).chd	rom_name_not_in_api
ps1	Kuru Kuru Cube (Japan).chd	rom_name_not_in_api
ps1	Libero Grande 2 (Japan).chd	rom_name_not_in_api
ps1	Medarot R (Japan).chd	rom_name_not_in_api
ps1	Metamor Panic - Doki Doki Youma Busters!! (Japan).chd	rom_name_not_in_api
ps1	Mini-Moni. Dice de Pyon! (Japan).chd	rom_name_not_in_api
ps1	Missland 2 (Japan).chd	rom_name_not_in_api
ps1	Mr. Prospector - Horiate-kun (Japan).chd	rom_name_not_in_api
ps1	Naniwa no Akindo - Futte Nanbo no Saikoro Jinsei (Japan).chd	rom_name_not_in_api
ps1	Nice Price Series Vol. 04 - Billiard King (Japan).chd	rom_name_not_in_api
ps1	Nice Price Series Vol. 07 - World Tournament Bowling (Japan).chd	rom_name_not_in_api
ps1	Nice Price Series Vol. 08 - Elemental Pinball (Japan).chd	rom_name_not_in_api
ps1	Nichibutsu Arcade Classics (Japan).chd	rom_name_not_in_api
ps1	Panekit - Infinitive Crafting Toy Case (Japan).chd	rom_name_not_in_api
ps1	Pastel Muses (Japan).chd	rom_name_not_in_api
ps1	Pikiinya! Excellent (Japan).chd	rom_name_not_in_api
ps1	Play de Oboeru Series 7 - Play de Oboeru TOEIC Test - Goku Deruderu 1700 (Japan).chd	rom_name_not_in_api
ps1	PlayStadium (Japan).chd	rom_name_not_in_api
ps1	Pocket MuuMuu (Japan).chd	rom_name_not_in_api
ps1	Pokeler DX - Pink (Japan).chd	rom_name_not_in_api
ps1	Prismaticallization (Japan).chd	rom_name_not_in_api
ps1	Restaurant Dream (Japan).chd	rom_name_not_in_api
ps1	Riot Stars (Japan).chd	rom_name_not_in_api
ps1	Shin Fortune Quest - Shokutaku no Kishi-tachi (Japan).chd	rom_name_not_in_api
ps1	Sid Meier's Civilization - Shin Sekai Shichidai Bunmei (Japan).chd	rom_name_not_in_api
ps1	Sno Pokeler (Japan).chd	rom_name_not_in_api
ps1	Soukyu Gurentai - Oubushustugeki (Japan).chd	rom_name_not_in_api
ps1	Soulmaster (Japan).chd	rom_name_not_in_api
ps1	Study Quest - Keisanjima no Daibouken (Japan).chd	rom_name_not_in_api
ps1	Super Price Series - Block & Switch (Japan).chd	rom_name_not_in_api
ps1	Super Robot Taisen Alpha (Japan).chd	rom_name_not_in_api
ps1	SuperLite 1500 Series - Battle Qix (Japan).chd	rom_name_not_in_api
ps1	SuperLite 1500 Series - Burn Out (Japan).chd	rom_name_not_in_api
ps1	SuperLite 1500 Series - Carnage Heart (Japan).chd	rom_name_not_in_api
ps1	SuperLite 1500 Series - Suudoku (Japan).chd	rom_name_not_in_api
ps1	SuperLite 1500 Series - Uno (Japan).chd	rom_name_not_in_api
ps1	Two-Tenkaku (Japan).chd	rom_name_not_in_api
ps1	Wolkenkratzer - Shinpan no Tou (Japan).chd	rom_name_not_in_api
ps1	World Never Island (Japan).chd	rom_name_not_in_api
ps1	World Neverland - Olerud Oukoku Monogatari (Japan).chd	rom_name_not_in_api
ps1	X2 - No Relief (Japan).chd	rom_name_not_in_api
ps1	Yoshimoto Muchicco Dai-kessen - Minami no Umi no Gorongo-tou (Japan).chd	rom_name_not_in_api
ps1	Yu-Gi-Oh! Monster Capsule Breed & Battle (Japan).chd	rom_name_not_in_api
ps1	Zera-chan Puzzle - Pitatto Pair (Japan).chd	rom_name_not_in_api
